acc_mirb,mirna_name,pre_seq,mat_seq,species,sex,exp_female,exp_male,stage,exp_egg,exp_embryo,exp_larva,exp_pupa,exp_adult,location,exp_midgut,exp_salivary_gland,exp_blood_meal,blood_meal_location,pbm_time_h,infection,exp_DENV,exp_metric_denv,exp_denv_value,DENV_exp_conditions,DENV_target_validation,exp_DENV_validated,DENV_location,DENV_blood_meal,DENV_pbm_time_h,cell_line_denv,DENV_serotype,exp_CHIKV,cell_line_chikv,CHIKV_location,exp_ZIKA,ZIKA_location,exp_wolbachia,cell_line_wolbachia,wolbachia_location,pred_target,target_function,efect_path,citation_exp,doi_exp
MIMAT0014244,miR-1-3p,"cgaaaguuccaugcuuccuugcauucaauagugauucugaaagcauaUGGAAUGUAAAGAAGUAUGGAGcgcucgg
",48 - UGGAAUGUAAAGAAGUAUGGAG - 69,Aedes aegypti,,,,,,,,,,,,,up-regulated,fat body,24,,,,,,,,,,,,,,,,,,,,,,,,"Zhang et al., 2017",10.1073/pnas.1701474114
MIMAT0014244,miR-1-3p,"cgaaaguuccaugcuuccuugcauucaauagugauucugaaagcauaUGGAAUGUAAAGAAGUAUGGAGcgcucgg
",48 - UGGAAUGUAAAGAAGUAUGGAG - 69,Aedes aegypti,,,,,,,,,,,,,up-regulated,,,,,,,,,,,,,,,,,,,,,,,,,,"Hussain et al., 2013",10.1016/j.ibmb.2012.11.005
MIMAT0014244,miR-1-3p,"cgaaaguuccaugcuuccuugcauucaauagugauucugaaagcauaUGGAAUGUAAAGAAGUAUGGAGcgcucgg
",48 - UGGAAUGUAAAGAAGUAUGGAG - 69,Aedes aegypti,,,,,,,,,,,,,,,,wolbachia,,,,,,,,,,,,,,,,,up-regulated,aag2,cell cytoplasm,,,,"Mayoral et al., 2014",10.1371/journal.pone.0096107
MIMAT0014244,miR-1-3p,"cgaaaguuccaugcuuccuugcauucaauagugauucugaaagcauaUGGAAUGUAAAGAAGUAUGGAGcgcucgg
",48 - UGGAAUGUAAAGAAGUAUGGAG - 69,Aedes aegypti,,,,,,,,,,,,,,,,wolbachia,,,,,,,,,,,,,,,,,down-regulated,aag2,cell nucleous,,,,"Mayoral et al., 2014",10.1371/journal.pone.0096107
MIMAT0014244,miR-1-3p,"cgaaaguuccaugcuuccuugcauucaauagugauucugaaagcauaUGGAAUGUAAAGAAGUAUGGAGcgcucgg
",48 - UGGAAUGUAAAGAAGUAUGGAG - 69,Aedes aegypti,,,,,,,,,,,,,,,,zika,,,,,,,,,,,,,,,up-regulated,NA,,,,,,,"Saldana et al., 2017",10.1371/journal.pntd.0005760
MIMAT0014258,miR-125-5p,uuaguuuuguuucugcugauUCCCUGAGACCCUAACUUGUGAcuauaguugaaguuucacaaguuuugaucuccgguauuagcggucgagauuca,21 - UCCCUGAGACCCUAACUUGUGA - 42,Aedes aegypti,,,,,,,,,,,,,up-regulated,,12,,,,,,,,,,,,,,,,,,,,,NA,NA,"Enhancing CHIKV infection (Maharaj et al., 2015)","Bryant et al., 2010",10.1073/pnas.1016230107
MIMAT0014258,miR-125-5p,uuaguuuuguuucugcugauUCCCUGAGACCCUAACUUGUGAcuauaguugaaguuucacaaguuuugaucuccgguauuagcggucgagauuca,21 - UCCCUGAGACCCUAACUUGUGA - 42,Aedes aegypti,,,,,,,,,,,,,up-regulated,fat body,72,,,,,,,,,,,,,,,,,,,,,NA,NA,"Enhancing CHIKV infection (Maharaj et al., 2015)","Zhang et al., 2017",10.1073/pnas.1701474114
MIMAT0014258,miR-125-5p,uuaguuuuguuucugcugauUCCCUGAGACCCUAACUUGUGAcuauaguugaaguuucacaaguuuugaucuccgguauuagcggucgagauuca,21 - UCCCUGAGACCCUAACUUGUGA - 42,Aedes aegypti,,,,,,,,,,,,,,,,chikv,,,,,,,,,,,,up-regulated,NA,saliva,,,,,,NA,NA,"Enhancing CHIKV infection (Maharaj et al., 2015)","Maharaj et al., 2015",10.1371/journal.pone.0096107
MIMAT0014258,miR-125-5p,uuaguuuuguuucugcugauUCCCUGAGACCCUAACUUGUGAcuauaguugaaguuucacaaguuuugaucuccgguauuagcggucgagauuca,21 - UCCCUGAGACCCUAACUUGUGA - 42,Aedes aegypti,,,,,,,,,,,,,,,,wolbachia,,,,,,,,,,,,,,,,,up-regulated,NA,NA,NA,NA,"Enhancing CHIKV infection (Maharaj et al., 2015)","Hussain et al., 2013",10.1016/j.ibmb.2012.11.005
MIMAT0014258,miR-125-5p,uuaguuuuguuucugcugauUCCCUGAGACCCUAACUUGUGAcuauaguugaaguuucacaaguuuugaucuccgguauuagcggucgagauuca,21 - UCCCUGAGACCCUAACUUGUGA - 42,Aedes aegypti,,,,,,,,,,,,,,,,wolbachia,,,,,,,,,,,,,,,,,up-regulated,aag2,cell cytoplasm,NA,NA,"Enhancing CHIKV infection (Maharaj et al., 2015)","Mayoral et al., 2014",10.1371/journal.pone.0096107
MIMAT0014258,miR-125-5p,uuaguuuuguuucugcugauUCCCUGAGACCCUAACUUGUGAcuauaguugaaguuucacaaguuuugaucuccgguauuagcggucgagauuca,21 - UCCCUGAGACCCUAACUUGUGA - 42,Aedes aegypti,,,,,,,,,,,,,,,,wolbachia,,,,,,,,,,,,,,,,,up-regulated,aag2,cell nucleus ,NA,NA,"Enhancing CHIKV infection (Maharaj et al., 2015)","Mayoral et al., 2014",10.1371/journal.pone.0096107
MIMAT0014275,miR-133-3p,cucggaaucgcugaauauagcugguugacuucgggucaaaucgucaaauauuugcaaagauauuuccucagugaaaucauUUGGUCCCCUUCAACCAGCUGUagcagugaugcauuaca,81 - UUGGUCCCCUUCAACCAGCUGU - 102,Aedes aegypti,,,,,,,,,,,,,up-regulated,fat body,48,,,,,,,,,,,,,,,,,,,,,,,,"Zhang et al., 2017",10.1073/pnas.1701474114
MIMAT0014275,miR-133-3p,cucggaaucgcugaauauagcugguugacuucgggucaaaucgucaaauauuugcaaagauauuuccucagugaaaucauUUGGUCCCCUUCAACCAGCUGUagcagugaugcauuaca,81 - UUGGUCCCCUUCAACCAGCUGU - 102,Aedes aegypti,,,,,,,,,,,,,,,,chikv,,,,,,,,,,,,up-regulated,NA,saliva,,,,,,,,,"Maharaj et al., 2015",10.1371/journal.pone.0096107
MIMAT0014240,miR-14-3p,guggaauuacaccucaacgaauuugaacucugcucuacccgauaagccugugggagcgagauuaaggcuugcuggucauuuauuacacucgaagUCAGUCUUUUUCUCUCUCCUAUugguauaacgguguuucaacgaguccgaguucccgcaccguagucauccacaucauc,95 - UCAGUCUUUUUCUCUCUCCUAU - 116,Aedes aegypti,,,,,,,,,,,,,up-regulated,,,,,,,,,,,,,,,,,,,,,,,,,,"Hussain et al., 2013",10.1016/j.ibmb.2012.11.005
MIMAT0014240,miR-14-3p,guggaauuacaccucaacgaauuugaacucugcucuacccgauaagccugugggagcgagauuaaggcuugcuggucauuuauuacacucgaagUCAGUCUUUUUCUCUCUCCUAUugguauaacgguguuucaacgaguccgaguucccgcaccguagucauccacaucauc,95 - UCAGUCUUUUUCUCUCUCCUAU - 116,Aedes aegypti,,,,,,,,,,,,,,,,chikv,,,,,,,,,,,,up-regulated,NA,saliva,,,,,,,,,"Maharaj et al., 2015",10.1371/journal.pone.0096107
MIMAT0014240,miR-14-3p,guggaauuacaccucaacgaauuugaacucugcucuacccgauaagccugugggagcgagauuaaggcuugcuggucauuuauuacacucgaagUCAGUCUUUUUCUCUCUCCUAUugguauaacgguguuucaacgaguccgaguucccgcaccguagucauccacaucauc,95 - UCAGUCUUUUUCUCUCUCCUAU - 116,Aedes aegypti,,,,,,,,,,,,,,,,wolbachia,,,,,,,,,,,,,,,,,up-regulated,aag2,cell cytoplasm,,,,"Mayoral et al., 2014",10.1371/journal.pone.0096107
MIMAT0014207,miR-184-3p,ccgguguauucguacccuuaucauucuugcgccccguguuauauuguuggcgacUGGACGGAGAACUGAUAAGGGCccgggucaccuu,55 - UGGACGGAGAACUGAUAAGGGC - 76,Aedes aegypti,,,,,,,,,,,,,up-regulated,fat body,72,,,,,,,,,,,,,,,,,,,,,"AAEL002512, AAEL005741",,"Inhibiting CHIKV infection (Maharaj et al., 2015)","Zhang et al., 2017",10.1073/pnas.1701474114
MIMAT0014207,miR-184-3p,ccgguguauucguacccuuaucauucuugcgccccguguuauauuguuggcgacUGGACGGAGAACUGAUAAGGGCccgggucaccuu,55 - UGGACGGAGAACUGAUAAGGGC - 76,Aedes aegypti,,,,,,,,,,,,,down-regulated,fat body,NA,,,,,,,,,,,,,,,,,,,,,"AAEL002512, AAEL005741",,"Inhibiting CHIKV infection (Maharaj et al., 2015)","Dong et al., 2020",10.1371/journal.ppat.1008453
MIMAT0014207,miR-184-3p,ccgguguauucguacccuuaucauucuugcgccccguguuauauuguuggcgacUGGACGGAGAACUGAUAAGGGCccgggucaccuu,55 - UGGACGGAGAACUGAUAAGGGC - 76,Aedes aegypti,,,,,,,,,,,,,up-regulated,NA,NA,,,,,,,,,,,,,,,,,,,,,,,,"Li et al., 2009",10.1186/1471-2164-10-581
MIMAT0014207,miR-184-3p,ccgguguauucguacccuuaucauucuugcgccccguguuauauuguuggcgacUGGACGGAGAACUGAUAAGGGCccgggucaccuu,55 - UGGACGGAGAACUGAUAAGGGC - 76,Aedes aegypti,,,,,,,,,,,,,down-regulated,NA,NA,,,,,,,,,,,,,,,,,,,,,,,,"Nouzova et al., 2018",10.1016/j.ibmb.2018.03.007
MIMAT0014207,miR-184-3p,ccgguguauucguacccuuaucauucuugcgccccguguuauauuguuggcgacUGGACGGAGAACUGAUAAGGGCccgggucaccuu,55 - UGGACGGAGAACUGAUAAGGGC - 76,Aedes aegypti,,,,,,,,,,,,,,,,chikv,,,,,,,,,,,,down-regulated,NA,saliva,,,,,,"AAEL002512, AAEL005741",,"Inhibiting CHIKV infection (Maharaj et al., 2015)","Maharaj et al., 2015",10.1371/journal.pone.0096107
MI0013433,miR-184,ccgguguauucguacccuuaucauucuugcgccccguguuauauuguuggcgacUGGACGGAGAACUGAUAAGGGCccgggucaccuu,NA,Aedes aegypti,male,,up-regulated,adult,,,,,up-regulated,,,,,,,,,,,,,,,,,,,,,,,,,,,,,,"Li et al., 2009",10.1186/1471-2164-10-581
MI0013433,miR-184,ccgguguauucguacccuuaucauucuugcgccccguguuauauuguuggcgacUGGACGGAGAACUGAUAAGGGCccgggucaccuu,NA,Aedes aegypti,female,up-regulated,,adult,,,,,up-regulated,,,,,,,,,,,,,,,,,,,,,,,,,,,,,,"Li et al., 2009",10.1186/1471-2164-10-581
MIMAT0014233,miR-1889-5p,gaggUAAUCUCAAAUUGUAACAGUGGguugauuuuccuggugaaucccggccuuguccuccgucacaagugugacaagugucucgaaaacguguucgcuauaccCACGUUACAGAUUGGGGUUUCCcc,5 - UAAUCUCAAAUUGUAACAGUGG - 26,Aedes aegypti,,,,,,,,,,,,,up-regulated,fat body,36,,,,,,,,,,,,,,,,,,,,,,,,"Zhang et al., 2017",10.1073/pnas.1701474114
MIMAT0014233,miR-1889-5p,gaggUAAUCUCAAAUUGUAACAGUGGguugauuuuccuggugaaucccggccuuguccuccgucacaagugugacaagugucucgaaaacguguucgcuauaccCACGUUACAGAUUGGGGUUUCCcc,5 - UAAUCUCAAAUUGUAACAGUGG - 26,Aedes aegypti,,,,,,,,,,,,,,,,chikv,,,,,,,,,,,,up-regulated,NA,saliva,,,,,,,,,"Maharaj et al., 2015",10.1371/journal.pone.0096107
MIMAT0014233,miR-1889-5p,gaggUAAUCUCAAAUUGUAACAGUGGguugauuuuccuggugaaucccggccuuguccuccgucacaagugugacaagugucucgaaaacguguucgcuauaccCACGUUACAGAUUGGGGUUUCCcc,5 - UAAUCUCAAAUUGUAACAGUGG - 26,Aedes aegypti,,,,,,,,,,,,,,,,wolbachia,,,,,,,,,,,,,,,,,down-regulated,aag2,cell cytoplasm,,,,"Mayoral et al., 2014",10.1371/journal.pone.0096107
MIMAT0014234,miR-1889-3p,gaggUAAUCUCAAAUUGUAACAGUGGguugauuuuccuggugaaucccggccuuguccuccgucacaagugugacaagugucucgaaaacguguucgcuauaccCACGUUACAGAUUGGGGUUUCCcc,105 - CACGUUACAGAUUGGGGUUUCC - 126,Aedes aegypti,,,,,,,,,,,,,,,,wolbachia,,,,,,,,,,,,,,,,,up-regulated,aag2,cell cytoplasm,,,,"Mayoral et al., 2014",10.1371/journal.pone.0096107
MIMAT0014293,miR-210-3p,cucauugcagcugcugaccacugcacaagauuagauuaugacuCUUGUGCGUGUGACAACGGcuauug,44 - CUUGUGCGUGUGACAACGG - 62,Aedes aegypti,,,,,,,,,,,,,up-regulated,fat body,48,,,,,,,,,,,,,,,,,,,,,,,,"Zhang et al., 2017",10.1073/pnas.1701474114
MIMAT0014293,miR-210-3p,cucauugcagcugcugaccacugcacaagauuagauuaugacuCUUGUGCGUGUGACAACGGcuauug,44 - CUUGUGCGUGUGACAACGG - 62,Aedes aegypti,,,,,,,,,,,,,,,,chikv,,,,,,,,,,,,up-regulated,NA,saliva,,,,,,,,,"Maharaj et al., 2015",10.1371/journal.pone.0096107
MIMAT0014293,miR-210-3p,cucauugcagcugcugaccacugcacaagauuagauuaugacuCUUGUGCGUGUGACAACGGcuauug,44 - CUUGUGCGUGUGACAACGG - 62,Aedes aegypti,,,,,,,,,,,,,,,,wolbachia,,,,,,,,,,,,,,,,,down-regulated,NA,NA,,,,"Hussain et al., 2013",10.1016/j.ibmb.2012.11.005
NA,miR-210-5p,cucauugcagcugcugaccacugcacaagauuagauuaugacuCUUGUGCGUGUGACAACGGcuauug,UUGUGCGUGUGACAACGG,Aedes aegypti,unkown,,,adult,,,,,,NA,,,,,,denv,down-regulated,"logFC, cutoff 1",-2.25,"3 independent cohorts of RexD colony mosquitoes (originally collected from Rexville, San Juan, Puerto Rico (Miller and Mitchell 1991)) were fed either meals containing mosquito cell culturederived DENV2 virus, strain Jamaica 1409, or conditioned cell culture medium mixed 1:1 with defibrinated sheep’s blood. The DENV meal titers ranged from 6.7 to 7.8 log plaqueforming units per ml. Pools of 20 whole mosquitoes were harvested at 2, 4, or 9 dpe from both DENV2-fed and un-exposed controls. Infection rates, as determined by plaque assay, were 50% at 9 dpe (SRP026241 - Sequence Read Archive).",NA,NA,NA,NA,NA,NA,2,,,,,,,,,,,,"Campbell et al., 2014",10.1111/imb.12070
MIMAT0014209        ,miR-275-3p,auccuuucgauuucgCGCGCUAAGCAGGAACCGAGACuuugucauuugcuagcagUCAGGUACCUGAAGUAGCGCgcgugauc,56 - UCAGGUACCUGAAGUAGCGC - 75,Aedes aegypti,,,,,,,,,,,,,up-regulated,midgut,48,,,,,,,,,,,,,,,,,,,,,20-hydroxyecdysone (20E) and amino acid/target of rapamycin (AA/TOR),"Involved in blood digestion, fluid excretion, and egg development (Bryant et al., 2010)",NA,"Zhang et al., 2017",10.1073/pnas.1701474114
MIMAT0014209        ,miR-275-3p,auccuuucgauuucgCGCGCUAAGCAGGAACCGAGACuuugucauuugcuagcagUCAGGUACCUGAAGUAGCGCgcgugauc,56 - UCAGGUACCUGAAGUAGCGC - 75,Aedes aegypti,,,,,,,,,,,,,down-regulated,midgut,24,,,,,,,,,,,,,,,,,,,,,20-hydroxyecdysone (20E) and amino acid/target of rapamycin (AA/TOR),"Involved in blood digestion, fluid excretion, and egg development (Bryant et al., 2010)",NA,"Zhang et al., 2017",10.1073/pnas.1701474114
MIMAT0014209        ,miR-275-3p,auccuuucgauuucgCGCGCUAAGCAGGAACCGAGACuuugucauuugcuagcagUCAGGUACCUGAAGUAGCGCgcgugauc,56 - UCAGGUACCUGAAGUAGCGC - 75,Aedes aegypti,,,,,,,,,,,,,,,,chikv,,,,,,,,,,,,up-regulated,NA,saliva,,,,,,20-hydroxyecdysone (20E) and amino acid/target of rapamycin (AA/TOR),"Involved in blood digestion, fluid excretion, and egg development (Bryant et al., 2010)",NA,"Maharaj et al., 2015",10.1371/journal.pntd.0003386
MIMAT0014223,miR-276-3p,acuggugauugccaucAGCGAGGUAUAGAGUUCCUACguugcgugugcgaaauuggUAGGAACUUCAUACCGUGCUCuuggcuagccguga,57 - UAGGAACUUCAUACCGUGCUC - 77,Aedes aegypti,,,,,,,,,,,,,down-regulated,fat body,24,,,,,,,,,,,,,,,,,,,,,,,,"Zhang et al., 2017",10.1073/pnas.1701474114
MIMAT0014223,miR-276-3p,acuggugauugccaucAGCGAGGUAUAGAGUUCCUACguugcgugugcgaaauuggUAGGAACUUCAUACCGUGCUCuuggcuagccguga,57 - UAGGAACUUCAUACCGUGCUC - 77,Aedes aegypti,,,,,,,,,,,,,up-regulated,fat body,24,,,,,,,,,,,,,,,,,,,,,,,,"Zhang et al., 2017",10.1073/pnas.1701474114
MIMAT0014223,miR-276-3p,acuggugauugccaucAGCGAGGUAUAGAGUUCCUACguugcgugugcgaaauuggUAGGAACUUCAUACCGUGCUCuuggcuagccguga,57 - UAGGAACUUCAUACCGUGCUC - 77,Aedes aegypti,,,,,,,,,,,,,,,,chikv,,,,,,,,,,,,up-regulated,NA,saliva,,,,,,,,,"Maharaj et al., 2015",10.1371/journal.pntd.0003386
MIMAT0014223,miR-276-3p,acuggugauugccaucAGCGAGGUAUAGAGUUCCUACguugcgugugcgaaauuggUAGGAACUUCAUACCGUGCUCuuggcuagccguga,57 - UAGGAACUUCAUACCGUGCUC - 77,Aedes aegypti,unkown,,,adult,,,,,,NA,,,,,,denv,down-regulated,"IsomiR/Exact read count ratio of 3′ multiple nucleotides extension isomiRs control vs infected, p < 0.05",Median value < 2 of infected,"To track the post-transcriptional modifications of Ae. aegypti miRNAs, we used the publicly available small RNA libraries of DENV-2 infected and non-infected mosquitoes (Campbell et al, 2014).  A total of 18 libraries with a study accession number of SRP026241 were downloaded from the National Center for Biotechnology Information Sequence Read archive. This data was generated by the SOLiD 3 sequencing platform from RNA samples of unexposed and exposed mosquitoes at three time points (day 2, 4 and 9 post-exposure, with three biological replicates). We also reanalyzed our previous small RNA deep sequencing data from DENV-2 infected and non-infected sheep blood-fed adult mosquitoes, which were sequenced by Illumina GA platforms. These data are accessible through NCBI’s Gene Expression Omnibus with GEO series accession number GSE59516.",NA,NA,NA,NA,NA,NA,2,,,,,,,,,,,,"Etebari et al., 2015",10.1038/srep15968
MIMAT0014223,miR-276-3p,acuggugauugccaucAGCGAGGUAUAGAGUUCCUACguugcgugugcgaaauuggUAGGAACUUCAUACCGUGCUCuuggcuagccguga,57 - UAGGAACUUCAUACCGUGCUC - 77,Aedes aegypti,,,,,,,,,,,,,,,,wolbachia,,,,,,,,,,,,,,,,,up-regulated,aag2,cell cytoplasm,,,,"Mayoral et al., 2014",10.1371/journal.pone.0096107
MIMAT0014223,miR-276-5p,acuggugauugccaucAGCGAGGUAUAGAGUUCCUACguugcgugugcgaaauuggUAGGAACUUCAUACCGUGCUCuuggcuagccguga,17 - AGCGAGGUAUAGAGUUCCUAC - 37,Aedes aegypti,unkown,,,adult,,,,,,NA,,,,,,denv,down-regulated,"logFC, cutoff 1",-1.94,"3 independent cohorts of RexD colony mosquitoes (originally collected from Rexville, San Juan, Puerto Rico (Miller and Mitchell 1991)) were fed either meals containing mosquito cell culturederived DENV2 virus, strain Jamaica 1409, or conditioned cell culture medium mixed 1:1 with defibrinated sheep’s blood. The DENV meal titers ranged from 6.7 to 7.8 log plaqueforming units per ml. Pools of 20 whole mosquitoes were harvested at 2, 4, or 9 dpe from both DENV2-fed and un-exposed controls. Infection rates, as determined by plaque assay, were 50% at 9 dpe (SRP026241 - Sequence Read Archive).",NA,NA,NA,NA,NA,NA,2,,,,,,,,,,,,"Campbell et al., 2014",10.1111/imb.12070
MIMAT0014238,miR-278-3p,uggugcgaACGGACGAUAGUCUUCAGCGGCCgugcauuugauagaauuggUCGGUGGGACUUUCGUCCGUUUguaaccgcc,51 - UCGGUGGGACUUUCGUCCGUUU - 72,Aedes aegypti,,,,,,,,,,,,,up-regulated,fat body,48,,,,,,,,,,,,,,,,,,,,,,,,"Zhang et al., 2017",10.1073/pnas.1701474114
MIMAT0014237        ,miR-278-5p,uggugcgaACGGACGAUAGUCUUCAGCGGCCgugcauuugauagaauuggUCGGUGGGACUUUCGUCCGUUUguaaccgcc,9 - ACGGACGAUAGUCUUCAGCGGCC - 31,Aedes aegypti,,,,,,,,,,,,,up-regulated,fat body,6,,,,,,,,,,,,,,,,,,,,,,,,"Zhang et al., 2017",10.1073/pnas.1701474114
MIMAT0014237        ,miR-278-5p,uggugcgaACGGACGAUAGUCUUCAGCGGCCgugcauuugauagaauuggUCGGUGGGACUUUCGUCCGUUUguaaccgcc,9 - ACGGACGAUAGUCUUCAGCGGCC - 31,Aedes aegypti,,,,,,,,,,,,,down-regulated,fat body,,,,,,,,,,,,,,,,,,,,,,,,,"Dong et al., 2020",10.1371/journal.ppat.1008453
MIMAT0014237        ,miR-278-5p,uggugcgaACGGACGAUAGUCUUCAGCGGCCgugcauuugauagaauuggUCGGUGGGACUUUCGUCCGUUUguaaccgcc,9 - ACGGACGAUAGUCUUCAGCGGCC - 31,Aedes aegypti,,,,,,,,,,,,,,,,wolbachia,,,,,,,,,,,,,,,,,down-regulated,aag2,cell cytoplasm,,,,"Mayoral et al., 2014",10.1371/journal.pone.0096107
MIMAT0014237        ,miR-278-5p,uggugcgaACGGACGAUAGUCUUCAGCGGCCgugcauuugauagaauuggUCGGUGGGACUUUCGUCCGUUUguaaccgcc,9 - ACGGACGAUAGUCUUCAGCGGCC - 31,Aedes aegypti,,,,,,,,,,,,,,,,chikv,,,,,,,,,,,,up-regulated,NA,NA,,,,,,,,,"Dubey et al., 2017",10.1038/s41598-017-18043-0
MIMAT0014286,miR-2941-1-3p,auggauuaaguuguaccacuuucgugguguuuagacguauuacaugauuuuuugaacauaacugUAGUACGGCUAGAACUCCACGGauguuggcaauauagucauc,UAGUACGGCUAGAACUCCACGG,Aedes aegypti,,,,,,,,,,,,,up-regulated,fat body,48,,,,,,,,,,,,,,,,,,,,,,,,"Zhang et al., 2017",10.1073/pnas.1701474114
MIMAT0014286,miR-2941-1-3p,auggauuaaguuguaccacuuucgugguguuuagacguauuacaugauuuuuugaacauaacugUAGUACGGCUAGAACUCCACGGauguuggcaauauagucauc,UAGUACGGCUAGAACUCCACGG,Aedes aegypti,,,,,,,,,,,,,,,,wolbachia,,,,,,,,,,,,,,,,,up-regulated,NA,NA,,,,"Hussain et al., 2013",10.1016/j.ibmb.2012.11.005
MIMAT0014286,miR-2941-1-3p,auggauuaaguuguaccacuuucgugguguuuagacguauuacaugauuuuuugaacauaacugUAGUACGGCUAGAACUCCACGGauguuggcaauauagucauc,UAGUACGGCUAGAACUCCACGG,Aedes aegypti,,,,,,,,,,,,,,,,wolbachia,,,,,,,,,,,,,,,,,up-regulated,aag2,cell nucleus,,,,"Mayoral et al., 2014",10.1371/journal.pone.0096107
MIMAT0014286,miR-2941-1-3p,auggauuaaguuguaccacuuucgugguguuuagacguauuacaugauuuuuugaacauaacugUAGUACGGCUAGAACUCCACGGauguuggcaauauagucauc,UAGUACGGCUAGAACUCCACGG,Aedes aegypti,,,,,,,,,,,,,,,,wolbachia,,,,,,,,,,,,,,,,,up-regulated,aag2,cell cytoplasm,,,,"Mayoral et al., 2014",10.1371/journal.pone.0096107
MIMAT0014286,miR-2941-1-3p,auggauuaaguuguaccacuuucgugguguuuagacguauuacaugauuuuuugaacauaacugUAGUACGGCUAGAACUCCACGGauguuggcaauauagucauc,UAGUACGGCUAGAACUCCACGG,Aedes aegypti,,,,,,,,,,,,,,,,zika,,,,,,,,,,,,,,,down-regulated,NA,,,,,,,"Saldana et al., 2017",10.1371/journal.pntd.0005760
MIMAT0014316,miR-2945-3p,ucugaucugAGCGGGUCCGUUUCUAGUGUCAUGugcuguauucgaauaucaUGACUAGAGGCAGACUCGUUUAggucuggga,52 - UGACUAGAGGCAGACUCGUUUA - 73,Aedes aegypti,,,,,,,,,,,,,up-regulated,fat body,36,,,,,,,,,,,,,,,,,,,,,,,,"Zhang et al., 2017",10.1073/pnas.1701474114
MIMAT0014316,miR-2945-3p,ucugaucugAGCGGGUCCGUUUCUAGUGUCAUGugcuguauucgaauaucaUGACUAGAGGCAGACUCGUUUAggucuggga,52 - UGACUAGAGGCAGACUCGUUUA - 73,Aedes aegypti,,,,,,,,,,,,,,,,chikv,,,,,,,,,,,,up-regulated,NA,saliva,,,,,,,,,"Maharaj et al., 2015",10.1371/journal.pntd.0003386
MIMAT0014316,miR-2945-3p,ucugaucugAGCGGGUCCGUUUCUAGUGUCAUGugcuguauucgaauaucaUGACUAGAGGCAGACUCGUUUAggucuggga,52 - UGACUAGAGGCAGACUCGUUUA - 73,Aedes aegypti,unkown,,,adult,,,,,,NA,,,,,,denv,down-regulated,"logFC, cutoff 1",-1.35,"3 independent cohorts of RexD colony mosquitoes (originally collected from Rexville, San Juan, Puerto Rico (Miller and Mitchell 1991)) were fed either meals containing mosquito cell culturederived DENV2 virus, strain Jamaica 1409, or conditioned cell culture medium mixed 1:1 with defibrinated sheep’s blood. The DENV meal titers ranged from 6.7 to 7.8 log plaqueforming units per ml. Pools of 20 whole mosquitoes were harvested at 2, 4, or 9 dpe from both DENV2-fed and un-exposed controls. Infection rates, as determined by plaque assay, were 50% at 9 dpe (SRP026241 - Sequence Read Archive).",NA,NA,NA,NA,NA,NA,2,,,,,,,,,,,,"Campbell et al., 2014",10.1111/imb.12070
MIMAT0014316,miR-2945-3p,ucugaucugAGCGGGUCCGUUUCUAGUGUCAUGugcuguauucgaauaucaUGACUAGAGGCAGACUCGUUUAggucuggga,52 - UGACUAGAGGCAGACUCGUUUA - 73,Aedes aegypti,,,,,,,,,,,,,,,,wolbachia,,,,,,,,,,,,,,,,,down-regulated,NA,NA,,,,"Hussain et al., 2013",10.1016/j.ibmb.2012.11.005
MIMAT0014316,miR-2945-3p,ucugaucugAGCGGGUCCGUUUCUAGUGUCAUGugcuguauucgaauaucaUGACUAGAGGCAGACUCGUUUAggucuggga,52 - UGACUAGAGGCAGACUCGUUUA - 73,Aedes aegypti,,,,,,,,,,,,,,,,wolbachia,,,,,,,,,,,,,,,,,down-regulated,aag2,cells,,,,"Mayoral et al., 2014",10.1371/journal.pone.0096107
MIMAT0014325        ,miR-2946-3p,uaugaacaaugaucgccauauuuuuaccgcuacugcauuucauuguaauaauugUAGUACGGAAAAGAUAUGGGGAuugggguucaua,55 - UAGUACGGAAAAGAUAUGGGGA - 76,Aedes aegypti,,,,,,,,,,,,,up-regulated,fat body,48,,,,,,,,,,,,,,,,,,,,,,,,"Zhang et al., 2017",10.1073/pnas.1701474114
MIMAT0014325        ,miR-2946-3p,uaugaacaaugaucgccauauuuuuaccgcuacugcauuucauuguaauaauugUAGUACGGAAAAGAUAUGGGGAuugggguucaua,55 - UAGUACGGAAAAGAUAUGGGGA - 76,Aedes aegypti,,,,,,,,,,,,,,,,chikv,,,,,,,,,,,,down-regulated,NA,saliva,,,,,,,,,"Maharaj et al., 2015",10.1371/journal.pntd.0003386
MIMAT0014325        ,miR-2946-3p,uaugaacaaugaucgccauauuuuuaccgcuacugcauuucauuguaauaauugUAGUACGGAAAAGAUAUGGGGAuugggguucaua,55 - UAGUACGGAAAAGAUAUGGGGA - 76,Aedes aegypti,,,,,,,,,,,,,,,,wolbachia,,,,,,,,,,,,,,,,,up-regulated,aag2,cells,,,,"Mayoral et al., 2014",10.1371/journal.pone.0096107
MIMAT0014325        ,miR-2946-3p,uaugaacaaugaucgccauauuuuuaccgcuacugcauuucauuguaauaauugUAGUACGGAAAAGAUAUGGGGAuugggguucaua,55 - UAGUACGGAAAAGAUAUGGGGA - 76,Aedes aegypti,,,,,,,,,,,,,,,,zika,,,,,,,,,,,,,,,down-regulated,NA,,,,,,,"Saldana et al., 2017",10.1371/journal.pntd.0005760
MIMAT0014249,miR-305-5p,aaugucacaugucuAUUGUACUUCAUCAGGUGCUCUGGuuguuuucgauaccCGGCACAUGUUGGAGUACACUUAaugugcugacagu,15 - AUUGUACUUCAUCAGGUGCUCUGG - 38,Aedes aegypti,,,,,,,,,,,,,up-regulated,,,,,,,,,,,,,,,,,,,,,,,,,,"Bryant et al., 2010",10.1073/pnas.1016230107
MIMAT0014249,miR-305-5p,aaugucacaugucuAUUGUACUUCAUCAGGUGCUCUGGuuguuuucgauaccCGGCACAUGUUGGAGUACACUUAaugugcugacagu,15 - AUUGUACUUCAUCAGGUGCUCUGG - 38,Aedes aegypti,,,,,,,,,,,,,up-regulated,fat body,48,,,,,,,,,,,,,,,,,,,,,,,,"Zhang et al., 2017",10.1073/pnas.1701474114
MIMAT0014249,miR-305-5p,aaugucacaugucuAUUGUACUUCAUCAGGUGCUCUGGuuguuuucgauaccCGGCACAUGUUGGAGUACACUUAaugugcugacagu,15 - AUUGUACUUCAUCAGGUGCUCUGG - 38,Aedes aegypti,,,,,,,,,,,,,,,,chikv,,,,,,,,,,,,up-regulated,NA,saliva,,,,,,,,,"Maharaj et al., 2015",10.1371/journal.pntd.0003386
MIMAT0014249,miR-305-5p,aaugucacaugucuAUUGUACUUCAUCAGGUGCUCUGGuuguuuucgauaccCGGCACAUGUUGGAGUACACUUAaugugcugacagu,15 - AUUGUACUUCAUCAGGUGCUCUGG - 38,Aedes aegypti,unkown,,,adult,,,,,,NA,,,,,,denv,down-regulated,"logFC, cutoff 1",-1.79,"3 independent cohorts of RexD colony mosquitoes (originally collected from Rexville, San Juan, Puerto Rico (Miller and Mitchell 1991)) were fed either meals containing mosquito cell culturederived DENV2 virus, strain Jamaica 1409, or conditioned cell culture medium mixed 1:1 with defibrinated sheep’s blood. The DENV meal titers ranged from 6.7 to 7.8 log plaqueforming units per ml. Pools of 20 whole mosquitoes were harvested at 2, 4, or 9 dpe from both DENV2-fed and un-exposed controls. Infection rates, as determined by plaque assay, were 50% at 9 dpe (SRP026241 - Sequence Read Archive).",NA,NA,NA,NA,NA,NA,2,,,,,,,,,,,,"Campbell et al., 2014",10.1111/imb.12070
MIMAT0014249,miR-305-5p,aaugucacaugucuAUUGUACUUCAUCAGGUGCUCUGGuuguuuucgauaccCGGCACAUGUUGGAGUACACUUAaugugcugacagu,15 - AUUGUACUUCAUCAGGUGCUCUGG - 38,Aedes aegypti,,,,,,,,,,,,,,,,wolbachia,,,,,,,,,,,,,,,,,down-regulated,aag2,cells,,,,"Mayoral et al., 2014",10.1371/journal.pone.0096107
MIMAT0014229,miR-306-5p,cauucgcaauuucaccgguUCAGGUACUGAGUGACUCUCAGaugugcauuucucaagcaaucucguccucaggaccugagguugaaaaacccuGAGAGCACCUCGGUAUCUAAGCcaguguugcgaaaa,20 - UCAGGUACUGAGUGACUCUCAG - 41,Aedes aegypti,,,,,,,,,,,,,up-regulated,,,,,,,,,,,,,,,,,,,,,,,,,,"Li et al., 2009",10.1186/1471-2164-10-581
MIMAT0014229,miR-306-5p,cauucgcaauuucaccgguUCAGGUACUGAGUGACUCUCAGaugugcauuucucaagcaaucucguccucaggaccugagguugaaaaacccuGAGAGCACCUCGGUAUCUAAGCcaguguugcgaaaa,20 - UCAGGUACUGAGUGACUCUCAG - 41,Aedes aegypti,,,,,,,,,,,,,up-regulated,fat body,72,,,,,,,,,,,,,,,,,,,,,,,,"Zhang et al., 2017",10.1073/pnas.1701474114
MIMAT0014229,miR-306-5p,cauucgcaauuucaccgguUCAGGUACUGAGUGACUCUCAGaugugcauuucucaagcaaucucguccucaggaccugagguugaaaaacccuGAGAGCACCUCGGUAUCUAAGCcaguguugcgaaaa,20 - UCAGGUACUGAGUGACUCUCAG - 41,Aedes aegypti,,,,,,,,,,,,,,,,chikv,,,,,,,,,,,,up-regulated,NA,saliva,,,,,,,,,"Maharaj et al., 2015",10.1371/journal.pntd.0003386
MIMAT0014229,miR-306-5p,cauucgcaauuucaccgguUCAGGUACUGAGUGACUCUCAGaugugcauuucucaagcaaucucguccucaggaccugagguugaaaaacccuGAGAGCACCUCGGUAUCUAAGCcaguguugcgaaaa,20 - UCAGGUACUGAGUGACUCUCAG - 41,Aedes aegypti,,,,,,,,,,,,,,,,wolbachia,,,,,,,,,,,,,,,,,up-regulated,aag2,cell cytoplasm,,,,"Mayoral et al., 2014",10.1371/journal.pone.0096107
MIMAT0014229,miR-306-5p,cauucgcaauuucaccgguUCAGGUACUGAGUGACUCUCAGaugugcauuucucaagcaaucucguccucaggaccugagguugaaaaacccuGAGAGCACCUCGGUAUCUAAGCcaguguugcgaaaa,20 - UCAGGUACUGAGUGACUCUCAG - 41,Aedes aegypti,,,,,,,,,,,,,,,,wolbachia,,,,,,,,,,,,,,,,,down-regulated,aag2,cell nucleus,,,,"Mayoral et al., 2014",10.1371/journal.pone.0096107
MIMAT0014229,miR-306-5p,cauucgcaauuucaccgguUCAGGUACUGAGUGACUCUCAGaugugcauuucucaagcaaucucguccucaggaccugagguugaaaaacccuGAGAGCACCUCGGUAUCUAAGCcaguguugcgaaaa,20 - UCAGGUACUGAGUGACUCUCAG - 41,Aedes aegypti,,,,,,,,,,,,,,,,zika,,,,,,,,,,,,,,,down-regulated,NA,,,,,,,"Saldana et al., 2017",10.1371/journal.pntd.0005760
MIMAT0014229,miR-306-3p,cauucgcaauuucaccgguUCAGGUACUGAGUGACUCUCAGaugugcauuucucaagcaaucucguccucaggaccugagguugaaaaacccuGAGAGCACCUCGGUAUCUAAGCcaguguugcgaaaa,20 - UCAGGUACUGAGUGACUCUCAG - 41,Aedes aegypti,,,,,,,,,,,,,down-regulated,fat body,72,,,,,,,,,,,,,,,,,,,,,,,,"Zhang et al., 2017",10.1073/pnas.1701474114
MIMAT0014224,miR-317-1-3p,gaggaauuucggcuaccgggauacacccugugcucgcuuugcauucgaaacuagUGAACACAGCUGGUGGUAUCUcaguggcccuaauccga,UGAACACAGCUGGUGGUAUCU,Aedes aegypti,,,,,,,,,,,,,up-regulated,midgut,,,,,,,,,,,,,,,,,,,,,,,,,"Li et al., 2009",10.1186/1471-2164-10-581
MIMAT0014224,miR-317-1-3p,gaggaauuucggcuaccgggauacacccugugcucgcuuugcauucgaaacuagUGAACACAGCUGGUGGUAUCUcaguggcccuaauccga,UGAACACAGCUGGUGGUAUCU,Aedes aegypti,,,,,,,,,,,,,up-regulated,midgut,,,,,,,,,,,,,,,,,,,,,,,,,"Su et al., 2017",10.1186/s13071-017-1966-2
MIMAT0014224,miR-317-1-3p,gaggaauuucggcuaccgggauacacccugugcucgcuuugcauucgaaacuagUGAACACAGCUGGUGGUAUCUcaguggcccuaauccga,UGAACACAGCUGGUGGUAUCU,Aedes aegypti,,,,,,,,,,,,,up-regulated,,,,,,,,,,,,,,,,,,,,,,,,,,"Hussain et al., 2013",10.1016/j.ibmb.2012.11.005
MIMAT0014224,miR-317-1-3p,gaggaauuucggcuaccgggauacacccugugcucgcuuugcauucgaaacuagUGAACACAGCUGGUGGUAUCUcaguggcccuaauccga,UGAACACAGCUGGUGGUAUCU,Aedes aegypti,,,,,,,,,,,,,up-regulated,,,,,,,,,,,,,,,,,,,,,,,,,,"Nouzova et al., 2018",10.1016/j.ibmb.2018.03.007
MIMAT0014224,miR-317-1-3p,gaggaauuucggcuaccgggauacacccugugcucgcuuugcauucgaaacuagUGAACACAGCUGGUGGUAUCUcaguggcccuaauccga,UGAACACAGCUGGUGGUAUCU,Aedes aegypti,,,,,,,,,,,,,up-regulated,fat body,36,,,,,,,,,,,,,,,,,,,,,,,,"Zhang et al., 2017",10.1073/pnas.1701474114
MIMAT0014224,miR-317-1-3p,gaggaauuucggcuaccgggauacacccugugcucgcuuugcauucgaaacuagUGAACACAGCUGGUGGUAUCUcaguggcccuaauccga,UGAACACAGCUGGUGGUAUCU,Aedes aegypti,,,,,,,,,,,,,,,,chikv,,,,,,,,,,,,up-regulated,NA,saliva,,,,,,,,,"Maharaj et al., 2015",10.1371/journal.pntd.0003386
MIMAT0014224,miR-317-1-3p,gaggaauuucggcuaccgggauacacccugugcucgcuuugcauucgaaacuagUGAACACAGCUGGUGGUAUCUcaguggcccuaauccga,UGAACACAGCUGGUGGUAUCU,Aedes aegypti,,,,,,,,,,,,,,,,chikv,,,,,,,,,,,,up-regulated,NA,NA,,,,,,,,,"Dubey et al., 2017",10.1038/s41598-017-18043-0
MIMAT0014224,miR-317-1-3p,gaggaauuucggcuaccgggauacacccugugcucgcuuugcauucgaaacuagUGAACACAGCUGGUGGUAUCUcaguggcccuaauccga,UGAACACAGCUGGUGGUAUCU,Aedes aegypti,,,,,,,,,,,,,,,,wolbachia,,,,,,,,,,,,,,,,,up-regulated,NA,NA,,,,"Hussain et al., 2013",10.1016/j.ibmb.2012.11.005
MIMAT0014224,miR-317-1-3p,gaggaauuucggcuaccgggauacacccugugcucgcuuugcauucgaaacuagUGAACACAGCUGGUGGUAUCUcaguggcccuaauccga,UGAACACAGCUGGUGGUAUCU,Aedes aegypti,,,,,,,,,,,,,,,,wolbachia,,,,,,,,,,,,,,,,,down-regulated,aag2,cell cytoplasm,,,,"Mayoral et al., 2014",10.1371/journal.pone.0096107
MIMAT0014245        ,miR-34-5p,caaggcaauacgcuaUGGCAGUGUGGUUAGCUGGUUGuguagaacuuuggggggcuuccguggcguucgcgcgcacacgggggcucagauucaCAACCACUAUCCGCCCUGCCGCCgcgaggugccagg,16 - UGGCAGUGUGGUUAGCUGGUUG - 37,Aedes aegypti,,,,,,,,,,,,,up-regulated,midgut,,,,,,,,,,,,,,,,,,,,,,,,,,
MIMAT0014245        ,miR-34-5p,caaggcaauacgcuaUGGCAGUGUGGUUAGCUGGUUGuguagaacuuuggggggcuuccguggcguucgcgcgcacacgggggcucagauucaCAACCACUAUCCGCCCUGCCGCCgcgaggugccagg,16 - UGGCAGUGUGGUUAGCUGGUUG - 37,Aedes aegypti,,,,,,,,,,,,,up-regulated,fat body,24,,,,,,,,,,,,,,,,,,,,,,,,,
MIMAT0014245        ,miR-34-5p,caaggcaauacgcuaUGGCAGUGUGGUUAGCUGGUUGuguagaacuuuggggggcuuccguggcguucgcgcgcacacgggggcucagauucaCAACCACUAUCCGCCCUGCCGCCgcgaggugccagg,16 - UGGCAGUGUGGUUAGCUGGUUG - 37,Aedes aegypti,,,,,,,,,,,,,,,,chikv,,,,,,,,,,,,up-regulated,NA,saliva,,,,,,,,,"Maharaj et al., 2015",10.1371/journal.pntd.0003386
MIMAT0014245        ,miR-34-5p,caaggcaauacgcuaUGGCAGUGUGGUUAGCUGGUUGuguagaacuuuggggggcuuccguggcguucgcgcgcacacgggggcucagauucaCAACCACUAUCCGCCCUGCCGCCgcgaggugccagg,16 - UGGCAGUGUGGUUAGCUGGUUG - 37,Aedes aegypti,,,,,,,,,,,,,,,,chikv,,,,,,,,,,,,up-regulated,NA,NA,,,,,,,,,"Dubey et al., 2017",10.1038/s41598-017-18043-0
MIMAT0014245        ,miR-34-5p,caaggcaauacgcuaUGGCAGUGUGGUUAGCUGGUUGuguagaacuuuggggggcuuccguggcguucgcgcgcacacgggggcucagauucaCAACCACUAUCCGCCCUGCCGCCgcgaggugccagg,16 - UGGCAGUGUGGUUAGCUGGUUG - 37,Aedes aegypti,,,,,,,,,,,,,,,,chikv,,,,,,,,,,,,down-regulated,aag2,cell,,,,,,,,,"Shrinet et al., 2014",10.1371/journal.pntd.0002616
MIMAT0014245        ,miR-34-5p,caaggcaauacgcuaUGGCAGUGUGGUUAGCUGGUUGuguagaacuuuggggggcuuccguggcguucgcgcgcacacgggggcucagauucaCAACCACUAUCCGCCCUGCCGCCgcgaggugccagg,16 - UGGCAGUGUGGUUAGCUGGUUG - 37,Aedes aegypti,unkown,,,adult,,,,,,NA,,,,,,denv,up-regulated,"logFC, cutoff 1",1.59,"3 independent cohorts of RexD colony mosquitoes (originally collected from Rexville, San Juan, Puerto Rico (Miller and Mitchell 1991)) were fed either meals containing mosquito cell culturederived DENV2 virus, strain Jamaica 1409, or conditioned cell culture medium mixed 1:1 with defibrinated sheep’s blood. The DENV meal titers ranged from 6.7 to 7.8 log plaqueforming units per ml. Pools of 20 whole mosquitoes were harvested at 2, 4, or 9 dpe from both DENV2-fed and un-exposed controls. Infection rates, as determined by plaque assay, were 50% at 9 dpe (SRP026241 - Sequence Read Archive).",NA,NA,NA,NA,NA,NA,2,,,,,,,,,,,,"Campbell et al., 2014",10.1111/imb.12070
MIMAT0014245        ,miR-34-5p,caaggcaauacgcuaUGGCAGUGUGGUUAGCUGGUUGuguagaacuuuggggggcuuccguggcguucgcgcgcacacgggggcucagauucaCAACCACUAUCCGCCCUGCCGCCgcgaggugccagg,16 - UGGCAGUGUGGUUAGCUGGUUG - 37,Aedes aegypti,,,,,,,,,,,,,,,,wolbachia,,,,,,,,,,,,,,,,,up-regulated,NA,NA,,,,"Hussain et al., 2013",10.1016/j.ibmb.2012.11.005
MIMAT0014245        ,miR-34-5p,caaggcaauacgcuaUGGCAGUGUGGUUAGCUGGUUGuguagaacuuuggggggcuuccguggcguucgcgcgcacacgggggcucagauucaCAACCACUAUCCGCCCUGCCGCCgcgaggugccagg,16 - UGGCAGUGUGGUUAGCUGGUUG - 37,Aedes aegypti,,,,,,,,,,,,,,,,wolbachia,,,,,,,,,,,,,,,,,down-regulated,aag2,cell nucleus,,,,"Mayoral et al., 2014",10.1371/journal.pone.0096107
MIMAT0014246        ,miR-34-3p,caaggcaauacgcuaUGGCAGUGUGGUUAGCUGGUUGuguagaacuuuggggggcuuccguggcguucgcgcgcacacgggggcucagauucaCAACCACUAUCCGCCCUGCCGCCgcgaggugccagg,94 - CAACCACUAUCCGCCCUGCCGCC - 116,Aedes aegypti,,,,,,,,,,,,,up-regulated,fat body,48,,,,,,,,,,,,,,,,,,,,,,,,,
MIMAT0014246        ,miR-34-3p,caaggcaauacgcuaUGGCAGUGUGGUUAGCUGGUUGuguagaacuuuggggggcuuccguggcguucgcgcgcacacgggggcucagauucaCAACCACUAUCCGCCCUGCCGCCgcgaggugccagg,94 - CAACCACUAUCCGCCCUGCCGCC - 116,Aedes aegypti,,,,,,,,,,,,,,,,chikv,,,,,,,,,,,,up-regulated,aag2,cell,,,,,,,,,"Shrinet et al., 2014",10.1371/journal.pntd.0002616
MIMAT0014246        ,miR-34-3p,caaggcaauacgcuaUGGCAGUGUGGUUAGCUGGUUGuguagaacuuuggggggcuuccguggcguucgcgcgcacacgggggcucagauucaCAACCACUAUCCGCCCUGCCGCCgcgaggugccagg,94 - CAACCACUAUCCGCCCUGCCGCC - 116,Aedes aegypti,,,,,,,,,,,,,,,,wolbachia,,,,,,,,,,,,,,,,,up-regulated,aag2,cell cytoplasm,,,,"Mayoral et al., 2014",10.1371/journal.pone.0096107
MIMAT0014246        ,miR-34-3p,caaggcaauacgcuaUGGCAGUGUGGUUAGCUGGUUGuguagaacuuuggggggcuuccguggcguucgcgcgcacacgggggcucagauucaCAACCACUAUCCGCCCUGCCGCCgcgaggugccagg,94 - CAACCACUAUCCGCCCUGCCGCC - 116,Aedes aegypti,,,,,,,,,,,,,,,,wolbachia,,,,,,,,,,,,,,,,,down-regulated,aag2,cell nucleus,,,,"Mayoral et al., 2014",10.1371/journal.pone.0096107
MIMAT0014215        ,miR-8-3p,gucuguucaCAUCUUACCGGGCAGCAUUAGAuauuuuugaaauacuucUAAUACUGUCAGGUAAAGAUGUCguccgaac,49 - UAAUACUGUCAGGUAAAGAUGUC - 71,Aedes aegypti,,,,larva,,,up-regulated,,,,,,,,,,,,,,,,,,,,,,,,,,,,,,,,,
MIMAT0014215        ,miR-8-3p,gucuguucaCAUCUUACCGGGCAGCAUUAGAuauuuuugaaauacuucUAAUACUGUCAGGUAAAGAUGUCguccgaac,49 - UAAUACUGUCAGGUAAAGAUGUC - 71,Aedes aegypti,,,,,,,,,,,,,up-regulated,fat body,24,,,,,,,,,,,,,,,,,,,,,,,,,
MIMAT0014215        ,miR-8-3p,gucuguucaCAUCUUACCGGGCAGCAUUAGAuauuuuugaaauacuucUAAUACUGUCAGGUAAAGAUGUCguccgaac,49 - UAAUACUGUCAGGUAAAGAUGUC - 71,Aedes aegypti,,,,,,,,,,,,,down-regulated,midgut,,,,,,,,,,,,,,,,,,,,,,,,,,
MIMAT0014215        ,miR-8-3p,gucuguucaCAUCUUACCGGGCAGCAUUAGAuauuuuugaaauacuucUAAUACUGUCAGGUAAAGAUGUCguccgaac,49 - UAAUACUGUCAGGUAAAGAUGUC - 71,Aedes aegypti,,,,,,,,,,,,,down-regulated,,,,,,,,,,,,,,,,,,,,,,,,,,,
MIMAT0014215        ,miR-8-3p,gucuguucaCAUCUUACCGGGCAGCAUUAGAuauuuuugaaauacuucUAAUACUGUCAGGUAAAGAUGUCguccgaac,49 - UAAUACUGUCAGGUAAAGAUGUC - 71,Aedes aegypti,,,,,,,,,,,,,,,,wolbachia,,,,,,,,,,,,,,,,,up-regulated,NA,NA,,,,"Hussain et al., 2013",10.1016/j.ibmb.2012.11.005
MIMAT0014215        ,miR-8-3p,gucuguucaCAUCUUACCGGGCAGCAUUAGAuauuuuugaaauacuucUAAUACUGUCAGGUAAAGAUGUCguccgaac,49 - UAAUACUGUCAGGUAAAGAUGUC - 71,Aedes aegypti,,,,,,,,,,,,,,,,wolbachia,,,,,,,,,,,,,,,,,down-regulated,aag2,cell cytoplasm,,,,"Mayoral et al., 2014",10.1371/journal.pone.0096107
MIMAT0014291,miR-100-5p,gcguagugguuguaguuacccauuugcaggAACCCGUAGAUCCGAACUUGUGcugccguuucacauguuacaagaacggauguaugggauucugccgauguauggcuaaagcaucgaucgauuugu,31 - AACCCGUAGAUCCGAACUUGUG - 52,Aedes aegypti,,,,,,,,,,,,,up-regulated,fat body,12,,,,,,,,,,,,,,,,,,,,,,,,,
MIMAT0014291,miR-100-5p,gcguagugguuguaguuacccauuugcaggAACCCGUAGAUCCGAACUUGUGcugccguuucacauguuacaagaacggauguaugggauucugccgauguauggcuaaagcaucgaucgauuugu,31 - AACCCGUAGAUCCGAACUUGUG - 52,Aedes aegypti,,,,,,,,,,,,,,,,chikv,,,,,,,,,,,,up-regulated,NA,saliva,,,,,,,,,,10.1371/journal.pntd.0003386
MIMAT0014291,miR-100-5p,gcguagugguuguaguuacccauuugcaggAACCCGUAGAUCCGAACUUGUGcugccguuucacauguuacaagaacggauguaugggauucugccgauguauggcuaaagcaucgaucgauuugu,31 - AACCCGUAGAUCCGAACUUGUG - 52,Aedes aegypti,,,,,,,,,,,,,,,,chikv,,,,,,,,,,,,up-regulated,NA,NA,,,,,,,,,,10.1038/s41598-017-18043-0
MIMAT0014291,miR-100-5p,gcguagugguuguaguuacccauuugcaggAACCCGUAGAUCCGAACUUGUGcugccguuucacauguuacaagaacggauguaugggauucugccgauguauggcuaaagcaucgaucgauuugu,31 - AACCCGUAGAUCCGAACUUGUG - 52,Aedes aegypti,,,,,,,,,,,,,,,,chikv,,,,,,,,,,,,down-regulated,NA,NA,,,,,,,,,,10.1186/s13578-015-0009-y
MIMAT0014291,miR-100-5p,gcguagugguuguaguuacccauuugcaggAACCCGUAGAUCCGAACUUGUGcugccguuucacauguuacaagaacggauguaugggauucugccgauguauggcuaaagcaucgaucgauuugu,31 - AACCCGUAGAUCCGAACUUGUG - 52,Aedes aegypti,,,,,,,,,,,,,,,,chikv,,,,,,,,,,,,down-regulated,NA,NA,,,,,,,,,,10.1038/srep15968
MIMAT0014291,miR-100-5p,gcguagugguuguaguuacccauuugcaggAACCCGUAGAUCCGAACUUGUGcugccguuucacauguuacaagaacggauguaugggauucugccgauguauggcuaaagcaucgaucgauuugu,31 - AACCCGUAGAUCCGAACUUGUG - 52,Aedes aegypti,,,,,,,,,,,,,,,,wolbachia,,,,,,,,,,,,,,,,,up-regulated,aag2,cell citoplasm,,,,"Mayoral et al., 2014",10.1371/journal.pone.0096107
MIMAT0014291,miR-100-5p,gcguagugguuguaguuacccauuugcaggAACCCGUAGAUCCGAACUUGUGcugccguuucacauguuacaagaacggauguaugggauucugccgauguauggcuaaagcaucgaucgauuugu,31 - AACCCGUAGAUCCGAACUUGUG - 52,Aedes aegypti,,,,,,,,,,,,,,,,wolbachia,,,,,,,,,,,,,,,,,up-regulated,aag2,cell nucleus,,,,"Mayoral et al., 2014",10.1371/journal.pone.0096107
MIMAT0014297,miR-1000-5p,cgauuuuugcuagaaaccgauuAUAUUGUCCUGUCACAGCAGUacuguuacaaauuuacuguuguuucgggacauuuacauugauucuagccgucac,AUAUUGUCCUGUCACAGCAGU,Aedes aegypti,,,,,,,,,,,,,up-regulated,midgut,48,chikv,,,,,,,,,,,,up-regulated,NA,NA,,,,,,,,,"Zhang et al., 2017",10.1073/pnas.1701474114
MIMAT0014297,miR-1000-5p,cgauuuuugcuagaaaccgauuAUAUUGUCCUGUCACAGCAGUacuguuacaaauuuacuguuguuucgggacauuuacauugauucuagccgucac,AUAUUGUCCUGUCACAGCAGU,Aedes aegypti,unkown,,,adult,,,,,,NA,,,,,,denv,down-regulated,"logFC, cutoff 1",-1.46,"3 independent cohorts of RexD colony mosquitoes (originally collected from Rexville, San Juan, Puerto Rico (Miller and Mitchell 1991)) were fed either meals containing mosquito cell culturederived DENV2 virus, strain Jamaica 1409, or conditioned cell culture medium mixed 1:1 with defibrinated sheep’s blood. The DENV meal titers ranged from 6.7 to 7.8 log plaqueforming units per ml. Pools of 20 whole mosquitoes were harvested at 2, 4, or 9 dpe from both DENV2-fed and un-exposed controls. Infection rates, as determined by plaque assay, were 50% at 9 dpe (SRP026241 - Sequence Read Archive).",NA,NA,NA,NA,NA,NA,2,,,,,,,,,,,,"Campbell et al., 2014",10.1111/imb.12070
MIMAT0014297,miR-1000-5p,cgauuuuugcuagaaaccgauuAUAUUGUCCUGUCACAGCAGUacuguuacaaauuuacuguuguuucgggacauuuacauugauucuagccgucac,AUAUUGUCCUGUCACAGCAGU,Aedes aegypti,,,,,,,,,,,,,,,,,,,,,,,,,,,,,,,,,up-regulated,aag2,cell cytoplasm,,,,"Mayoral et al., 2014",10.1371/journal.pone.0096107
MIMAT0014297,miR-1000-5p,cgauuuuugcuagaaaccgauuAUAUUGUCCUGUCACAGCAGUacuguuacaaauuuacuguuguuucgggacauuuacauugauucuagccgucac,AUAUUGUCCUGUCACAGCAGU,Aedes aegypti,,,,,,,,,,,,,,,,,,,,,,,,,,,,,,,,,up-regulated,aag2,cell nucleus,,,,"Mayoral et al., 2014",10.1371/journal.pone.0096107
MIMAT0014242        ,miR-11-3p,aacauugaugcgaguagugccgcgcgAGAACUCCGGCUGUGACCUGUGuacacuuuauccaaaucaCAUCACAGUCUGAGUUCUUGCUuggaggcucgucgaucaacuaaugga,67 - CAUCACAGUCUGAGUUCUUGCU - 88,Aedes aegypti,,,,,,,,,,,,,up-regulated,fat body,,,,,,,,,,,,,,,,,,,,,,,,,,
MIMAT0014242        ,miR-11-3p,aacauugaugcgaguagugccgcgcgAGAACUCCGGCUGUGACCUGUGuacacuuuauccaaaucaCAUCACAGUCUGAGUUCUUGCUuggaggcucgucgaucaacuaaugga,67 - CAUCACAGUCUGAGUUCUUGCU - 88,Aedes aegypti,,,,,,,,,,,,,up-regulated,fat body,72,,,,,,,,,,,,,,,,,,,,,,,,,
MIMAT0014242        ,miR-11-3p,aacauugaugcgaguagugccgcgcgAGAACUCCGGCUGUGACCUGUGuacacuuuauccaaaucaCAUCACAGUCUGAGUUCUUGCUuggaggcucgucgaucaacuaaugga,67 - CAUCACAGUCUGAGUUCUUGCU - 88,Aedes aegypti,,,,,,,,,,,,,,,,chikv,,,,,,,,,,,,down-regulated,NA,saliva,,,,,,,,,"Maharaj et al., 2015",10.1371/journal.pntd.0003386
MIMAT0014242        ,miR-11-3p,aacauugaugcgaguagugccgcgcgAGAACUCCGGCUGUGACCUGUGuacacuuuauccaaaucaCAUCACAGUCUGAGUUCUUGCUuggaggcucgucgaucaacuaaugga,67 - CAUCACAGUCUGAGUUCUUGCU - 88,Aedes aegypti,,,,,,,,,,,,,,,,wolbachia,,,,,,,,,,,,,,,,,down-regulated,aag2,cell cytoplasm,,,,"Mayoral et al., 2014",10.1371/journal.pone.0096107
MIMAT0014241        ,miR-11-5p,aacauugaugcgaguagugccgcgcgAGAACUCCGGCUGUGACCUGUGuacacuuuauccaaaucaCAUCACAGUCUGAGUUCUUGCUuggaggcucgucgaucaacuaaugga,27 - AGAACUCCGGCUGUGACCUGUG - 48,Aedes aegypti,,,,,,,,,,,,,up-regulated,,48,,,,,,,,,,,,,,,,,,,,,,,,,
MIMAT0014241        ,miR-11-5p,aacauugaugcgaguagugccgcgcgAGAACUCCGGCUGUGACCUGUGuacacuuuauccaaaucaCAUCACAGUCUGAGUUCUUGCUuggaggcucgucgaucaacuaaugga,27 - AGAACUCCGGCUGUGACCUGUG - 48,Aedes aegypti,,,,,,,,,,,,,,,,wolbachia,,,,,,,,,,,,,,,,,down-regulated,aag2,cell nucleus,,,,"Mayoral et al., 2014",10.1371/journal.pone.0096107
MIMAT0014265,miR-1174-3p,acuccaauucuggguauuuuagauccuuggcauaguuacgugauugaaugcacuguucuucuuugguuuacccaguaucgaacacgcgucaaucugUCAGAUCUACUUAAUACCCAUa,97 - UCAGAUCUACUUAAUACCCAU - 117,Aedes aegypti,,,,,,,,,,,,,up-regulated,,,,,,,,,,,,,,,,,,,,,,,Serine hydroxymethyltransferase (SHMT),"Regulates related gut functions, including sugar absorption, fluid excretion, and blood intake (S. Liu et al., 2014)",NA,,
MIMAT0014265,miR-1174-3p,acuccaauucuggguauuuuagauccuuggcauaguuacgugauugaaugcacuguucuucuuugguuuacccaguaucgaacacgcgucaaucugUCAGAUCUACUUAAUACCCAUa,97 - UCAGAUCUACUUAAUACCCAU - 117,Aedes aegypti,,,,,,,,,,,,,up-regulated,fat body,48,,,,,,,,,,,,,,,,,,,,,Serine hydroxymethyltransferase (SHMT),"Regulates related gut functions, including sugar absorption, fluid excretion, and blood intake (S. Liu et al., 2014)",NA,,
MIMAT0014265,miR-1174-3p,acuccaauucuggguauuuuagauccuuggcauaguuacgugauugaaugcacuguucuucuuugguuuacccaguaucgaacacgcgucaaucugUCAGAUCUACUUAAUACCCAUa,97 - UCAGAUCUACUUAAUACCCAU - 117,Aedes aegypti,,,,,,,,,,,,,,,,chikv,,,,,,,,,,,,down-regulated,NA,saliva,,,,,,Serine hydroxymethyltransferase (SHMT),"Regulates related gut functions, including sugar absorption, fluid excretion, and blood intake (S. Liu et al., 2014)",NA,"Maharaj et al., 2015",10.1371/journal.pntd.0003386
MIMAT0014265,miR-1174-3p,acuccaauucuggguauuuuagauccuuggcauaguuacgugauugaaugcacuguucuucuuugguuuacccaguaucgaacacgcgucaaucugUCAGAUCUACUUAAUACCCAUa,97 - UCAGAUCUACUUAAUACCCAU - 117,Aedes aegypti,,,,,,,,,,,,,,,,wolbachia,,,,,,,,,,,,,,,,,down-regulated,aag2,cell cytoplasm,Serine hydroxymethyltransferase (SHMT),"Regulates related gut functions, including sugar absorption, fluid excretion, and blood intake (S. Liu et al., 2014)",NA,"Mayoral et al., 2014",10.1371/journal.pone.0096107
MIMAT0014255        ,miR-13-5p,gucgugaucggaUCGUAAAAAUGGUUGUGCUGUGuuguuacgcucgaaauucaUAUCACAGCCAUUUUGACGAGUUcgauccug,13 - UCGUAAAAAUGGUUGUGCUGUG - 34,Aedes aegypti,,,,,,,,,,,,,up-regulated,fat body,48,,,,,,,,,,,,,,,,,,,,,,,,,
MIMAT0014247,miR-1890-3p,aucgacauacggcuagagcuaauuggagaguucuugaauaguguugugaaccuucaUGAAAUCUUUGAUUAGGUCUGGucguggug,57 - UGAAAUCUUUGAUUAGGUCUGG - 78,Aedes aegypti,,,,pupa,,,,up-regulated,,,,,,,,,,,,,,,,,,,,,,,,,,,,,,,,
MIMAT0014247,miR-1890-3p,aucgacauacggcuagagcuaauuggagaguucuugaauaguguugugaaccuucaUGAAAUCUUUGAUUAGGUCUGGucguggug,57 - UGAAAUCUUUGAUUAGGUCUGG - 78,Aedes aegypti,,,,,,,,,,,,,up-regulated,fat body,36,,,,,,,,,,,,,,,,,,,,,,,,,
MIMAT0014247,miR-1890-3p,aucgacauacggcuagagcuaauuggagaguucuugaauaguguugugaaccuucaUGAAAUCUUUGAUUAGGUCUGGucguggug,57 - UGAAAUCUUUGAUUAGGUCUGG - 78,Aedes aegypti,,,,,,,,,,,,,,,,chikv,,,,,,,,,,,,up-regulated,NA,saliva,,,,,,,,,"Maharaj et al., 2015",10.1371/journal.pntd.0003386
MIMAT0014247,miR-1890-3p,aucgacauacggcuagagcuaauuggagaguucuugaauaguguugugaaccuucaUGAAAUCUUUGAUUAGGUCUGGucguggug,57 - UGAAAUCUUUGAUUAGGUCUGG - 78,Aedes aegypti,,,,,,,,,,,,,,,,wolbachia,,,,,,,,,,,,up-regulated,aag2,cell cytoplasm,,,,,,,,,"Mayoral et al., 2014",10.1371/journal.pone.0096107
MIMAT0014243        ,miR-190-5p,gggugauuccggugAGAUAUGUUUGAUAUUCUUGGUUGuuaaauuuuauauuaucacccaggaaucaaacauauuauuacuguggucaucaugagacuucg,15 - AGAUAUGUUUGAUAUUCUUGGUUG - 38,Aedes aegypti,,,,,,,,,,,,,up-regulated,midgut,,,,,,,,,,,,,,,,,,,,,,,,,,
MIMAT0014216,miR-252-5p,gaauucuuuacUAAGUACUAGUGCCGCAGGAGagauuugaacccCUGCUGCCCAAGUGCUUAUCGaagagu,12 - UAAGUACUAGUGCCGCAGGAG - 32,Aedes aegypti,,,,,,,,,,,,,up-regulated,fat body,6,,,,,,,,,,,,,,,,,,,,,,,,,
MIMAT0014216,miR-252-5p,gaauucuuuacUAAGUACUAGUGCCGCAGGAGagauuugaacccCUGCUGCCCAAGUGCUUAUCGaagagu,12 - UAAGUACUAGUGCCGCAGGAG - 32,Aedes aegypti,,,,,,,,,,,,,,,,chikv,,,,,,,,,,,,up-regulated,NA,saliva,,,,,,,,,"Maharaj et al., 2015",10.1371/journal.pntd.0003386
MIMAT0014216,miR-252-5p,gaauucuuuacUAAGUACUAGUGCCGCAGGAGagauuugaacccCUGCUGCCCAAGUGCUUAUCGaagagu,12 - UAAGUACUAGUGCCGCAGGAG - 32,Aedes aegypti,,,,,,,,,,,,,,,,wolbachia,,,,,,,,,,,,,,,,,up-regulated,NA,NA,,,,"Hussain et al., 2011",10.1073/pnas.1105469108
MIMAT0014216,miR-252-5p,gaauucuuuacUAAGUACUAGUGCCGCAGGAGagauuugaacccCUGCUGCCCAAGUGCUUAUCGaagagu,12 - UAAGUACUAGUGCCGCAGGAG - 32,Aedes aegypti,,,,,,,,,,,,,,,,wolbachia,,,,,,,,,,,,,,,,,up-regulated,aag2,cell cytoplasm,,,,"Mayoral et al., 2014",10.1371/journal.pone.0096107
MIMAT0014217        ,miR-252-3p,gaauucuuuacUAAGUACUAGUGCCGCAGGAGagauuugaacccCUGCUGCCCAAGUGCUUAUCGaagagu,12 - UAAGUACUAGUGCCGCAGGAG - 32,Aedes aegypti,,,,,,,,,,,,,up-regulated,fat body,6,,,,,,,,,,,,,,,,,,,,,,,,,
MIMAT0014231        ,miR-281-5p,ugguuucgaauaugaaaauaAAGAGAGCUAUCCGUCGACaguagggauaugauucacUGUCAUGGAAUUGCUCUCUUUAuguacaauucgauauuca,21 - AAGAGAGCUAUCCGUCGAC - 39,Aedes aegypti,,,,,,,,,,,,,up-regulated,fat body,48,,,,,,,,,,,,,,,,,,,,,,,,,
MIMAT0014231        ,miR-281-5p,ugguuucgaauaugaaaauaAAGAGAGCUAUCCGUCGACaguagggauaugauucacUGUCAUGGAAUUGCUCUCUUUAuguacaauucgauauuca,21 - AAGAGAGCUAUCCGUCGAC - 39,Aedes aegypti,,,,,,,,,,,,,down-regulated,,,,,,,,,,,,,,,,,,,,,,,,,,,
MIMAT0014231        ,miR-281-5p,ugguuucgaauaugaaaauaAAGAGAGCUAUCCGUCGACaguagggauaugauucacUGUCAUGGAAUUGCUCUCUUUAuguacaauucgauauuca,21 - AAGAGAGCUAUCCGUCGAC - 39,Aedes aegypti,,,,,,,,,,,,,,,,chikv,,,,,,,,,,,,down-regulated,NA,saliva,,,,,,,,,"Maharaj et al., 2015",10.1371/journal.pntd.0003386
MIMAT0014231        ,miR-281-5p,ugguuucgaauaugaaaauaAAGAGAGCUAUCCGUCGACaguagggauaugauucacUGUCAUGGAAUUGCUCUCUUUAuguacaauucgauauuca,21 - AAGAGAGCUAUCCGUCGAC - 39,Aedes aegypti,,,,,,,,,,,,,,,,wolbachia,,,,,,,,,,,,,,,,,down-regulated,aag2,cell nucleus,,,,"Mayoral et al., 2014",10.1371/journal.pone.0096107
MIMAT0014284        ,miR-2940-3p,cauUGGUUUAUCUUAUCUGUCGAGGCaaguuauuuuaccggauaguguuucuuuucgugagcaaucaccacuauccagcucuucuuGUCGACAGGGAGAUAAAUCACUg,87 - GUCGACAGGGAGAUAAAUCACU - 108,Aedes aegypti,,,,,,,,,,,,,up-regulated,fat body,36,,,,,,,,,,,,,,,,,,,,,,,,,
MIMAT0014284        ,miR-2940-3p,cauUGGUUUAUCUUAUCUGUCGAGGCaaguuauuuuaccggauaguguuucuuuucgugagcaaucaccacuauccagcucuucuuGUCGACAGGGAGAUAAAUCACUg,87 - GUCGACAGGGAGAUAAAUCACU - 108,Aedes aegypti,,,,,,,,,,,,,,,,zika,,,,,,,,,,,,,,,up-regulated,NA,,,,,,,"Saldana et al., 2017",10.1371/journal.pntd.0005760
MIMAT0014283        ,miR-2940-5p,cauUGGUUUAUCUUAUCUGUCGAGGCaaguuauuuuaccggauaguguuucuuuucgugagcaaucaccacuauccagcucuucuuGUCGACAGGGAGAUAAAUCACUg,4 - UGGUUUAUCUUAUCUGUCGAGGC - 26,Aedes aegypti,,,,,,,,,,,,,down-regulated,,,,,,,,,,,,,,,,,,,,,,,Metalloprotease (MetP); methyltransferase Dnmt2; arginine methyltransferase,"Wolbachia maintenance; affects arbovirus replication (Zhang et al., 2013; Hussain et al., 2011; Zhang et al., 2014)","Wolbachia maintenance; affects arbovirus replication (Zhang et al., 2013; Hussain et al., 2011; Zhang et al., 2014)",,
MIMAT0014283        ,miR-2940-5p,cauUGGUUUAUCUUAUCUGUCGAGGCaaguuauuuuaccggauaguguuucuuuucgugagcaaucaccacuauccagcucuucuuGUCGACAGGGAGAUAAAUCACUg,4 - UGGUUUAUCUUAUCUGUCGAGGC - 26,Aedes aegypti,,,,,,,,,,,,,,,,chikv,,,,,,,,,,,,down-regulated,NA,saliva,,,,,,Metalloprotease (MetP); methyltransferase Dnmt2; arginine methyltransferase,"Wolbachia maintenance; affects arbovirus replication (Zhang et al., 2013; Hussain et al., 2011; Zhang et al., 2014)","Wolbachia maintenance; affects arbovirus replication (Zhang et al., 2013; Hussain et al., 2011; Zhang et al., 2014)","Maharaj et al., 2015",10.1371/journal.pntd.0003386
MIMAT0014283        ,miR-2940-5p,cauUGGUUUAUCUUAUCUGUCGAGGCaaguuauuuuaccggauaguguuucuuuucgugagcaaucaccacuauccagcucuucuuGUCGACAGGGAGAUAAAUCACUg,4 - UGGUUUAUCUUAUCUGUCGAGGC - 26,Aedes aegypti,,,,,,,,,,,,,,,,wolbachia,,,,,,,,,,,,,,,,,up-regulated,NA,NA,Metalloprotease (MetP); methyltransferase Dnmt2; arginine methyltransferase,"Wolbachia maintenance; affects arbovirus replication (Zhang et al., 2013; Hussain et al., 2011; Zhang et al., 2014)","Wolbachia maintenance; affects arbovirus replication (Zhang et al., 2013; Hussain et al., 2011; Zhang et al., 2014)","Hussain et al., 2011",10.1073/pnas.1105469108
MIMAT0014283        ,miR-2940-5p,cauUGGUUUAUCUUAUCUGUCGAGGCaaguuauuuuaccggauaguguuucuuuucgugagcaaucaccacuauccagcucuucuuGUCGACAGGGAGAUAAAUCACUg,4 - UGGUUUAUCUUAUCUGUCGAGGC - 26,Aedes aegypti,,,,,,,,,,,,,,,,wolbachia,,,,,,,,,,,,,,,,,up-regulated,NA,NA,Metalloprotease (MetP); methyltransferase Dnmt2; arginine methyltransferase,"Wolbachia maintenance; affects arbovirus replication (Zhang et al., 2013; Hussain et al., 2011; Zhang et al., 2014)","Wolbachia maintenance; affects arbovirus replication (Zhang et al., 2013; Hussain et al., 2011; Zhang et al., 2014)","Zhang et al., 2013",10.1073/pnas.1303603110
MIMAT0014283        ,miR-2940-5p,cauUGGUUUAUCUUAUCUGUCGAGGCaaguuauuuuaccggauaguguuucuuuucgugagcaaucaccacuauccagcucuucuuGUCGACAGGGAGAUAAAUCACUg,4 - UGGUUUAUCUUAUCUGUCGAGGC - 26,Aedes aegypti,,,,,,,,,,,,,,,,wolbachia,,,,,,,,,,,,,,,,,up-regulated,NA,NA,Metalloprotease (MetP); methyltransferase Dnmt2; arginine methyltransferase,"Wolbachia maintenance; affects arbovirus replication (Zhang et al., 2013; Hussain et al., 2011; Zhang et al., 2014)","Wolbachia maintenance; affects arbovirus replication (Zhang et al., 2013; Hussain et al., 2011; Zhang et al., 2014)","Mayoral et al., 2014",10.1371/journal.pone.0096107
MIMAT0014283        ,miR-2940-5p,cauUGGUUUAUCUUAUCUGUCGAGGCaaguuauuuuaccggauaguguuucuuuucgugagcaaucaccacuauccagcucuucuuGUCGACAGGGAGAUAAAUCACUg,4 - UGGUUUAUCUUAUCUGUCGAGGC - 26,Aedes aegypti,,,,,,,,,,,,,,,,wolbachia,,,,,,,,,,,,,,,,,up-regulated,NA,NA,Metalloprotease (MetP); methyltransferase Dnmt2; arginine methyltransferase,"Wolbachia maintenance; affects arbovirus replication (Zhang et al., 2013; Hussain et al., 2011; Zhang et al., 2014)","Wolbachia maintenance; affects arbovirus replication (Zhang et al., 2013; Hussain et al., 2011; Zhang et al., 2014)","Asad et al., 2018",10.1371/journal.pntd.0006405
MIMAT0014272,miR-309a-3p,auccaccgaauguuaugcgacuaacuucguucaguuuggugucauacgaagguuuccaguuucaUCACUGGGCAAAGUUUGUCGCauaaaug,65 - UCACUGGGCAAAGUUUGUCGC - 85,Aedes aegypti,,,,egg,up-regulated,,,,,,,,,,,,,,,,,,,,,,,,,,,,,,,,,,"Hu et al., 2015",10.1111/imb.12152
MIMAT0014261,miR-308-3p,agcgcuguuuCGCGGUAUAUUCUUGUGGCUUGaugcauuugaaaaaucucaAAUCACAGGAGUAUACUGugagaga,52 - AAUCACAGGAGUAUACUG - 69,Aedes aegypti,,,,,,,,,,,,,up-regulated,fat body,24,,,,,,,,,,,,,,,,,,,,,,,,,
MIMAT0014261,miR-308-3p,agcgcuguuuCGCGGUAUAUUCUUGUGGCUUGaugcauuugaaaaaucucaAAUCACAGGAGUAUACUGugagaga,52 - AAUCACAGGAGUAUACUG - 69,Aedes aegypti,unkown,,,adult,,,,,,NA,,,,,,denv,down-regulated,"logFC, cutoff 1",-2.35,"3 independent cohorts of RexD colony mosquitoes (originally collected from Rexville, San Juan, Puerto Rico (Miller and Mitchell 1991)) were fed either meals containing mosquito cell culturederived DENV2 virus, strain Jamaica 1409, or conditioned cell culture medium mixed 1:1 with defibrinated sheep’s blood. The DENV meal titers ranged from 6.7 to 7.8 log plaqueforming units per ml. Pools of 20 whole mosquitoes were harvested at 2, 4, or 9 dpe from both DENV2-fed and un-exposed controls. Infection rates, as determined by plaque assay, were 50% at 9 dpe (SRP026241 - Sequence Read Archive).",NA,NA,NA,NA,NA,NA,2,,,,,,,,,,,,"Campbell et al., 2014",10.1111/imb.12070
MIMAT0014261,miR-308-3p,agcgcuguuuCGCGGUAUAUUCUUGUGGCUUGaugcauuugaaaaaucucaAAUCACAGGAGUAUACUGugagaga,52 - AAUCACAGGAGUAUACUG - 69,Aedes aegypti,,,,,,,,,,,,,,,,zika,,,,,,,,,,,,,,,down-regulated,NA,,,,,,,"Saldana et al., 2017",10.1371/journal.pntd.0005760
MIMAT0014260        ,miR-308-5p,agcgcuguuuCGCGGUAUAUUCUUGUGGCUUGaugcauuugaaaaaucucaAAUCACAGGAGUAUACUGugagaga,11 - CGCGGUAUAUUCUUGUGGCUUG - 32,Aedes aegypti,,,,,,,,,,,,,up-regulated,fat body,72,,,,,,,,,,,,,,,,,,,,,,,,,
MIMAT0014260        ,miR-308-5p,agcgcuguuuCGCGGUAUAUUCUUGUGGCUUGaugcauuugaaaaaucucaAAUCACAGGAGUAUACUGugagaga,11 - CGCGGUAUAUUCUUGUGGCUUG - 32,Aedes aegypti,,,,,,,,,,,,,,,,chikv,,,,,,,,,,,,up-regulated,NA,saliva,,,,,,,,,"Maharaj et al., 2015",10.1371/journal.pntd.0003386
MIMAT0014260        ,miR-308-5p,agcgcuguuuCGCGGUAUAUUCUUGUGGCUUGaugcauuugaaaaaucucaAAUCACAGGAGUAUACUGugagaga,11 - CGCGGUAUAUUCUUGUGGCUUG - 32,Aedes aegypti,,,,,,,,,,,,,,,,wolbachia,,,,,,,,,,,,,,,,,up-regulated,NA,NA,,,,"Hussain et al., 2011",10.1073/pnas.1105469108
MIMAT0014260        ,miR-308-5p,agcgcuguuuCGCGGUAUAUUCUUGUGGCUUGaugcauuugaaaaaucucaAAUCACAGGAGUAUACUGugagaga,11 - CGCGGUAUAUUCUUGUGGCUUG - 32,Aedes aegypti,,,,,,,,,,,,,,,,wolbachia,,,,,,,,,,,,,,,,,up-regulated,aag2,cell nucleus,,,,"Mayoral et al., 2014",10.1371/journal.pone.0096107
MIMAT0014260        ,miR-308-5p,agcgcuguuuCGCGGUAUAUUCUUGUGGCUUGaugcauuugaaaaaucucaAAUCACAGGAGUAUACUGugagaga,11 - CGCGGUAUAUUCUUGUGGCUUG - 32,Aedes aegypti,,,,,,,,,,,,,,,,zika,,,,,,,,,,,,,,,up-regulated,NA,,,,,,,"Saldana et al., 2017",10.1371/journal.pntd.0005760
MIMAT0014317,miR-316-5p,ccaacauuuugauugauuUGUCUUUUUCCGCUUACUGCCGguggcauuugaaauucucgacagcaaaccgaaaaaggcgccucaaucaauu,19 - UGUCUUUUUCCGCUUACUGCCG - 40,Aedes aegypti,,,,,,,,,,,,,up-regulated,fat body,48,,,,,,,,,,,,,,,,,,,,,,,,,
MIMAT0014298        ,miR-375-3p,uggaagaauccgaguuacuuaagcccaacguacagaaacuugaaucugaaugccguucuagauuggcuugcuagaagUUUGUUCGUUUGGCUCGAGUUAugcggauucuucugauc,78 - UUUGUUCGUUUGGCUCGAGUUA - 99,Aedes aegypti,,,,pupa,,,,up-regulated,,,,,,,,,,,,,,,,,,,,,,,,,,,,"Cactus, kinesin, prohibitin, DEAD box ATP-depen-dent RNA helicase, REL1, hypothetical protein","Enhancing DENV-2 infection (Hussain et al., 2013), repressing CHIKV replication (Maharaj et al., 2015).","Enhancing DENV-2 infection (Hussain et al., 2013), repressing CHIKV replication (Maharaj et al., 2015).",,
MIMAT0014298        ,miR-375-3p,uggaagaauccgaguuacuuaagcccaacguacagaaacuugaaucugaaugccguucuagauuggcuugcuagaagUUUGUUCGUUUGGCUCGAGUUAugcggauucuucugauc,78 - UUUGUUCGUUUGGCUCGAGUUA - 99,Aedes aegypti,,,,,,,,,,,,,up-regulated,fat body,48,,,,,,,,,,,,,,,,,,,,,"Cactus, kinesin, prohibitin, DEAD box ATP-depen-dent RNA helicase, REL1, hypothetical protein","Enhancing DENV-2 infection (Hussain et al., 2013), repressing CHIKV replication (Maharaj et al., 2015).","Enhancing DENV-2 infection (Hussain et al., 2013), repressing CHIKV replication (Maharaj et al., 2015).",,
MIMAT0014298        ,miR-375-3p,uggaagaauccgaguuacuuaagcccaacguacagaaacuugaaucugaaugccguucuagauuggcuugcuagaagUUUGUUCGUUUGGCUCGAGUUAugcggauucuucugauc,78 - UUUGUUCGUUUGGCUCGAGUUA - 99,Aedes aegypti,,,,,,,,,,,,,,,,chikv,,,,,,,,,,,,down-regulated,NA,saliva,,,,,,"Cactus, kinesin, prohibitin, DEAD box ATP-depen-dent RNA helicase, REL1, hypothetical protein","Enhancing DENV-2 infection (Hussain et al., 2013), repressing CHIKV replication (Maharaj et al., 2015).","Enhancing DENV-2 infection (Hussain et al., 2013), repressing CHIKV replication (Maharaj et al., 2015).","Maharaj et al., 2015",10.1371/journal.pntd.0003386
MIMAT0014298        ,miR-375-3p,uggaagaauccgaguuacuuaagcccaacguacagaaacuugaaucugaaugccguucuagauuggcuugcuagaagUUUGUUCGUUUGGCUCGAGUUAugcggauucuucugauc,78 - UUUGUUCGUUUGGCUCGAGUUA - 99,Aedes aegypti,,,,,,,,,,,,,,,,zika,,,,,,,,,,,,,,,down-regulated,NA,,,,"Cactus, kinesin, prohibitin, DEAD box ATP-depen-dent RNA helicase, REL1, hypothetical protein","Enhancing DENV-2 infection (Hussain et al., 2013), repressing CHIKV replication (Maharaj et al., 2015).","Enhancing DENV-2 infection (Hussain et al., 2013), repressing CHIKV replication (Maharaj et al., 2015).","Saldana et al., 2017",10.1371/journal.pntd.0005760
MIMAT0014221        ,miR-71-3p,cggcaAGAAAGACAUGGGUAGUGAGAUaguuucacccuauugcacugggaUCUCACUACCUUGUCUUUCAUGcugau,51 - UCUCACUACCUUGUCUUUCAUG - 72,Aedes aegypti,,,,,,,,,,,,,up-regulated,fat body,48,,,,,,,,,,,,,,,,,,,,,,,,,
MIMAT0014221        ,miR-71-3p,cggcaAGAAAGACAUGGGUAGUGAGAUaguuucacccuauugcacugggaUCUCACUACCUUGUCUUUCAUGcugau,51 - UCUCACUACCUUGUCUUUCAUG - 72,Aedes aegypti,,,,,,,,,,,,,up-regulated,fat body,6,,,,,,,,,,,,,,,,,,,,,,,,,
MIMAT0014221        ,miR-71-3p,cggcaAGAAAGACAUGGGUAGUGAGAUaguuucacccuauugcacugggaUCUCACUACCUUGUCUUUCAUGcugau,51 - UCUCACUACCUUGUCUUUCAUG - 72,Aedes aegypti,,,,,,,,,,,,,,,,chikv,,,,,,,,,,,,down-regulated,NA,saliva,,,,,,,,,"Maharaj et al., 2015",10.1371/journal.pntd.0003386
MIMAT0014221        ,miR-71-3p,cggcaAGAAAGACAUGGGUAGUGAGAUaguuucacccuauugcacugggaUCUCACUACCUUGUCUUUCAUGcugau,51 - UCUCACUACCUUGUCUUUCAUG - 72,Aedes aegypti,,,,,,,,,,,,,,,,wolbachia,,,,,,,,,,,,,,,,,up-regulated,aag2,cell cytoplasm,,,,"Mayoral et al., 2014",10.1371/journal.pone.0096107
MIMAT0014295        ,miR-79-3p,gaacccaucguccauGCUUUGGCGCUUUAGCUGUAUGAuagaauuuaauauuucaUAAAGCUAGAUUACCAAAGCAUggaaggcuugggcgguguc,56 - UAAAGCUAGAUUACCAAAGCAU - 77,Aedes aegypti,,,,,,,,,,,,,up-regulated,fat body,6,,,,,,,,,,,,,,,,,,,,,,,,,
MIMAT0014252        ,miR-87-3p,accagauugucacuggccagccugaaauuugcuaaaccuguguguauuugauucaaacaaucaagGUGAGCAAAUUUUCAGGUGUGUcggagaacaaucgcaaucau,66 - GUGAGCAAAUUUUCAGGUGUGU - 87,Aedes aegypti,,,,,,,,,,,,,up-regulated,fat body,48,,,,,,,,,,,,,,,,,,,,,,,,,
MIMAT0014252        ,miR-87-3p,accagauugucacuggccagccugaaauuugcuaaaccuguguguauuugauucaaacaaucaagGUGAGCAAAUUUUCAGGUGUGUcggagaacaaucgcaaucau,66 - GUGAGCAAAUUUUCAGGUGUGU - 87,Aedes aegypti,,,,,,,,,,,,,,,,chikv,,,,,,,,,,,,up-regulated,NA,saliva,,,,,,,,,"Maharaj et al., 2015",10.1371/journal.pntd.0003386
MIMAT0014271        ,miR-927-3p,gguuugcuuuagaauuccuacgcuuuaccgugauuuguugaaaguuuggCAAAGCGUUUGGGUUCUGAAACgaaac,50 - CAAAGCGUUUGGGUUCUGAAAC - 71,Aedes aegypti,,,,,,,,,,,,,up-regulated,fat body,48,,,,,,,,,,,,,,,,,,,,,,,,"Zhang et al., 2017",10.1073/pnas.1701474114
MIMAT0014271        ,miR-927-3p,gguuugcuuuagaauuccuacgcuuuaccgugauuuguugaaaguuuggCAAAGCGUUUGGGUUCUGAAACgaaac,50 - CAAAGCGUUUGGGUUCUGAAAC - 71,Aedes aegypti,,,,,,,,,,,,,,,,chikv,,,,,,,,,,,,up-regulated,NA,midgut,,,,,,,,,"Maharaj et al., 2015",10.1371/journal.pntd.0003386
MIMAT0015648,miR-929-1-5p,ugccuacgacugguccaaAUUGACUCUAGUAGGGAGUCCuuguguacgagugacucccuaacggagucagauugaacccgguaggaug,AUUGACUCUAGUAGGGAGUCC,Aedes aegypti,,,,,,,,,,,,,up-regulated,fat body,48,,,,,,,,,,,,,,,,,,,,,,,,"Zhang et al., 2017",10.1073/pnas.1701474114
MIMAT0014248        ,miR-957-3p,uccggcguuaguuuugggcggguuuuaguguauuucgauuagaguaucaauUGAAACCGUCCAAAACUGAGGCcggcg,UGAAACCGUCCAAAACUGAGGC,Aedes aegypti,,,,,,,,,,,,,up-regulated,fat body,48,,,,,,,,,,,,,,,,,,,,,,,,"Zhang et al., 2017",10.1073/pnas.1701474114
MIMAT0014248        ,miR-957-3p,uccggcguuaguuuugggcggguuuuaguguauuucgauuagaguaucaauUGAAACCGUCCAAAACUGAGGCcggcg,UGAAACCGUCCAAAACUGAGGC,Aedes aegypti,,,,,,,,,,,,,,,,chikv,,,,,,,,,,,,up-regulated,NA,saliva,,,,,,,,,"Maharaj et al., 2015",10.1371/journal.pntd.0003386
MIMAT0014292        ,miR-970-3p,aacgguauugcggcuuucauagguagcuugcguuugucuuagcugguauugaaugugauagguaUCAUAAGACACACGCGGCUAUuuuugagaguaucaagcaucuug,UCAUAAGACACACGCGGCUAU,Aedes aegypti,,,,,,,,,,,,,up-regulated,fat body,36,,,,,,,,,,,,,,,,,,,,,,,,"Zhang et al., 2017",10.1073/pnas.1701474114
MIMAT0014292        ,miR-970-3p,aacgguauugcggcuuucauagguagcuugcguuugucuuagcugguauugaaugugauagguaUCAUAAGACACACGCGGCUAUuuuugagaguaucaagcaucuug,UCAUAAGACACACGCGGCUAU,Aedes aegypti,,,,,,,,,,,,,,,,chikv,,,,,,,,,,,,up-regulated,NA,saliva,,,,,,,,,"Maharaj et al., 2015",10.1371/journal.pntd.0003386
MIMAT0014267,miR-981-3p,aaaccuugccuggaucggguuucgcggcgaacgggcuuccaccaugaugaauagcagUUCGUUGUCGACGAAACCUGCAcauugcaaggca,UUCGUUGUCGACGAAACCUGCA,Aedes aegypti,,,,,,,,,,,,,up-regulated,fat body,48,,,,,,,,,,,,,,,,,,,,,,,,"Zhang et al., 2017",10.1073/pnas.1701474114
MIMAT0014280        ,miR-988-5p,gcugcggguGUGUGCUUUGUGACAAUGAGAuucgguucgauaucauCCCCUUGUUGCAAACCUCACGCuugcggu,10 - GUGUGCUUUGUGACAAUGAGA - 30,Aedes aegypti,,,,,,,,,,,,,up-regulated,fat body,72,wolbachia,,,,,,,,,,,,,,,,,up-regulated,aag2,cell nucleus,,,,"Mayoral et al., 2014",10.1371/journal.pone.0096107
MIMAT0014239,miR-989-3p,uucaucauacggucaugggggaccgccgcuaccucgcuuucacuugguaccgauuucccauaauccaUGUGAUGUGACGUAGUGGUACcuucccuuggcuauuacaacacuuccu,UGUGAUGUGACGUAGUGGUAC,Aedes aegypti,,,,,,,,,,,,,up-regulated,,,,,,,,,,,,,,,,,,,,,,,,,,"Li et al., 2009",10.1186/1471-2164-10-581
MIMAT0014239,miR-989-3p,uucaucauacggucaugggggaccgccgcuaccucgcuuucacuugguaccgauuucccauaauccaUGUGAUGUGACGUAGUGGUACcuucccuuggcuauuacaacacuuccu,UGUGAUGUGACGUAGUGGUAC,Aedes aegypti,,,,,,,,,,,,,up-regulated,fat body,24,,,,,,,,,,,,,,,,,,,,,,,,"Zhang et al., 2017",10.1073/pnas.1701474114
MIMAT0014239,miR-989-3p,uucaucauacggucaugggggaccgccgcuaccucgcuuucacuugguaccgauuucccauaauccaUGUGAUGUGACGUAGUGGUACcuucccuuggcuauuacaacacuuccu,UGUGAUGUGACGUAGUGGUAC,Aedes aegypti,female,up-regulated,,adult,,,,,up-regulated,,,,,,,,,,,,,,,,,,,,,,,,,,,,,,"Mead & Tu, 2008",10.1186/1471-2164-9-244
MIMAT0014239,miR-989-3p,uucaucauacggucaugggggaccgccgcuaccucgcuuucacuugguaccgauuucccauaauccaUGUGAUGUGACGUAGUGGUACcuucccuuggcuauuacaacacuuccu,UGUGAUGUGACGUAGUGGUAC,Aedes aegypti,,,,,,,,,,,,,,,,chikv,,,,,,,,,,,,down-regulated,NA,NA,,,,,,,,,"Dubey et al., 2017",10.1038/s41598-017-18043-0
MIMAT0014239,miR-989-3p,uucaucauacggucaugggggaccgccgcuaccucgcuuucacuugguaccgauuucccauaauccaUGUGAUGUGACGUAGUGGUACcuucccuuggcuauuacaacacuuccu,UGUGAUGUGACGUAGUGGUAC,Aedes aegypti,,,,,,,,,,,,,,,,wolbachia,,,,,,,,,,,,,,,,,down-regulated,NA,NA,,,,"Hussain et al., 2011)",10.1073/pnas.1105469108
MIMAT0014239,miR-989-3p,uucaucauacggucaugggggaccgccgcuaccucgcuuucacuugguaccgauuucccauaauccaUGUGAUGUGACGUAGUGGUACcuucccuuggcuauuacaacacuuccu,UGUGAUGUGACGUAGUGGUAC,Aedes aegypti,,,,,,,,,,,,,,,,wolbachia,,,,,,,,,,,,,,,,,down-regulated,aag2,cell nucleus,,,,"Mayoral et al., 2014",10.1371/journal.pone.0096107
MIMAT0014239,miR-989-3p,uucaucauacggucaugggggaccgccgcuaccucgcuuucacuugguaccgauuucccauaauccaUGUGAUGUGACGUAGUGGUACcuucccuuggcuauuacaacacuuccu,UGUGAUGUGACGUAGUGGUAC,Aedes aegypti,,,,,,,,,,,,,,,,wolbachia,,,,,,,,,,,,,,,,,down-regulated,aag2,cell cytoplasm,,,,"Mayoral et al., 2014",10.1371/journal.pone.0096107
MIMAT0014239,miR-989-3p,uucaucauacggucaugggggaccgccgcuaccucgcuuucacuugguaccgauuucccauaauccaUGUGAUGUGACGUAGUGGUACcuucccuuggcuauuacaacacuuccu,UGUGAUGUGACGUAGUGGUAC,Aedes aegypti,,,,,,,,,,,,,,,,zika,,,,,,,,,,,,,,,up-regulated,NA,,,,,,,"Saldana et al., 2017",10.1371/journal.pntd.0005760
MIMAT0014266,miR-993-5p,agcgcuccuccgugaccUACCCUGUAGUUCCGGGCUUUUgugguuucuuuuauuguuaauuaucagaagcucguuucuauagagguaucucacagggugaa,UACCCUGUAGUUCCGGGCUUUU,Aedes aegypti,,,,,,,,,,,,,up-regulated,fat body,36,,,,,,,,,,,,,,,,,,,,,,,,"Zhang et al., 2017",10.1073/pnas.1701474114
MIMAT0014251,miR-996-3p,aacucaauuuucgucggcgugcaugaaucuggugcacgguuuuccaguuguaauaucgcuucgUGACUAGAUUACAUGCUCGUCuaugaaguugagau,UGACUAGAUUACAUGCUCGUC,Aedes aegypti,,,,,,,,,,,,,up-regulated,fat body,72,,,,,,,,,,,,,,,,,,,,,,,,,
MIMAT0014251,miR-996-3p,aacucaauuuucgucggcgugcaugaaucuggugcacgguuuuccaguuguaauaucgcuucgUGACUAGAUUACAUGCUCGUCuaugaaguugagau,UGACUAGAUUACAUGCUCGUC,Aedes aegypti,,,,,,,,,,,,,,,,chikv,,,,,,,,,,,,down-regulated,NA,saliva,,,,,,,,,"Maharaj et al., 2015",10.1371/journal.pntd.0003386
MIMAT0014251,miR-996-3p,aacucaauuuucgucggcgugcaugaaucuggugcacgguuuuccaguuguaauaucgcuucgUGACUAGAUUACAUGCUCGUCuaugaaguugagau,UGACUAGAUUACAUGCUCGUC,Aedes aegypti,,,,,,,,,,,,,,,,wolbachia,,,,,,,,,,,,,,,,,up-regulated,aag2,cell cytoplasm,,,,"Mayoral et al., 2014",10.1371/journal.pone.0096107
MIMAT0014281        ,miR-988-3p,gcugcggguGUGUGCUUUGUGACAAUGAGAuucgguucgauaucauCCCCUUGUUGCAAACCUCACGCuugcggu,47 - CCCCUUGUUGCAAACCUCACGC - 68,Aedes aegypti,,,,,,,,,,,,,up-regulated,,,,,,,,,,,,,,,,,,,,,,,,,,,
MIMAT0014281        ,miR-988-3p,gcugcggguGUGUGCUUUGUGACAAUGAGAuucgguucgauaucauCCCCUUGUUGCAAACCUCACGCuugcggu,47 - CCCCUUGUUGCAAACCUCACGC - 68,Aedes aegypti,,,,,,,,,,,,,up-regulated,fat body,72,,,,,,,,,,,,,,,,,,,,,,,,,
MIMAT0014281        ,miR-988-3p,gcugcggguGUGUGCUUUGUGACAAUGAGAuucgguucgauaucauCCCCUUGUUGCAAACCUCACGCuugcggu,47 - CCCCUUGUUGCAAACCUCACGC - 68,Aedes aegypti,,,,,,,,,,,,,,,,wolbachia,,,,,,,,,,,,,,,,,up-regulated,aag2,cell cytoplasm,,,,"Mayoral et al., 2014",10.1371/journal.pone.0096107
MIMAT0014257,miR-999-3p,gcagggacgcggucgugcaggaaauuauuuggcauuagauucaaaUGUUAACUGUAAGACUGUGUCUuugcgggugauc,46 - UGUUAACUGUAAGACUGUGUCU - 67,Aedes aegypti,,,,,,,,,,,,,up-regulated,fat body,24,,,,,,,,,,,,,,,,,,,,,,,,,
MIMAT0014257,miR-999-3p,gcagggacgcggucgugcaggaaauuauuuggcauuagauucaaaUGUUAACUGUAAGACUGUGUCUuugcgggugauc,46 - UGUUAACUGUAAGACUGUGUCU - 67,Aedes aegypti,,,,,,,,,,,,,,,,chikv,,,,,,,,,,,,down-regulated,NA,saliva,,,,,,,,,"Maharaj et al., 2015",10.1371/journal.pone.0096107
MIMAT0014257,miR-999-3p,gcagggacgcggucgugcaggaaauuauuuggcauuagauucaaaUGUUAACUGUAAGACUGUGUCUuugcgggugauc,GUUAACUGUAAGACUGUGUCUCG,Aedes aegypti,unkown,,,adult,,,,,,NA,,,,,,denv,down-regulated,"logFC, cutoff 1",-2.29,"3 independent cohorts of RexD colony mosquitoes (originally collected from Rexville, San Juan, Puerto Rico (Miller and Mitchell 1991)) were fed either meals containing mosquito cell culturederived DENV2 virus, strain Jamaica 1409, or conditioned cell culture medium mixed 1:1 with defibrinated sheep’s blood. The DENV meal titers ranged from 6.7 to 7.8 log plaqueforming units per ml. Pools of 20 whole mosquitoes were harvested at 2, 4, or 9 dpe from both DENV2-fed and un-exposed controls. Infection rates, as determined by plaque assay, were 50% at 9 dpe (SRP026241 - Sequence Read Archive).",NA,NA,NA,NA,NA,NA,2,,,,,,,,,,,,"Campbell et al., 2014",10.1111/imb.12070
MIMAT0014278,miR-iab-4-5p,gcuucaugaACGUAUACUGAAUGUAUCCUGAgugcuaucuaucCGGUAUACCUUCAGUAUACGUAACaggaggc,10 - ACGUAUACUGAAUGUAUCCUGA - 31,Aedes aegypti,,,,,,,,,,,,,up-regulated,fat body,72,,,,,,,,,,,,,,,,,,,,,,,,,
MIMAT0014219        ,bantam-3p,agaaCCGGUUUUCAUUUUCGAUCUGACuuauuugauuuaacaagagUGAGAUCAUUUUGAAAGCUGAUuuu,47 - UGAGAUCAUUUUGAAAGCUGAU - 68,Aedes aegypti,,,,,,,,,,,,,up-regulated,fat body,6,,,,,,,,,,,,,,,,,,,,,,,,,
MIMAT0014219        ,bantam-3p,agaaCCGGUUUUCAUUUUCGAUCUGACuuauuugauuuaacaagagUGAGAUCAUUUUGAAAGCUGAUuuu,47 - UGAGAUCAUUUUGAAAGCUGAU - 68,Aedes aegypti,,,,,,,,,,,,,,,,chikv,,,,,,,,,,,,up-regulated,NA,saliva,,,,,,,,,"Maharaj et al., 2015",10.1371/journal.pone.0096107
MIMAT0014219        ,bantam-3p,agaaCCGGUUUUCAUUUUCGAUCUGACuuauuugauuuaacaagagUGAGAUCAUUUUGAAAGCUGAUuuu,47 - UGAGAUCAUUUUGAAAGCUGAU - 68,Aedes aegypti,unkown,,,adult,,,,,,NA,,,,,,denv,down-regulated,"logFC, cutoff 1",-1.84,"3 independent cohorts of RexD colony mosquitoes (originally collected from Rexville, San Juan, Puerto Rico (Miller and Mitchell 1991)) were fed either meals containing mosquito cell culturederived DENV2 virus, strain Jamaica 1409, or conditioned cell culture medium mixed 1:1 with defibrinated sheep’s blood. The DENV meal titers ranged from 6.7 to 7.8 log plaqueforming units per ml. Pools of 20 whole mosquitoes were harvested at 2, 4, or 9 dpe from both DENV2-fed and un-exposed controls. Infection rates, as determined by plaque assay, were 50% at 9 dpe (SRP026241 - Sequence Read Archive).",NA,NA,NA,NA,NA,NA,2,,,,,,,,,,,,"Campbell et al., 2014",10.1111/imb.12070
MIMAT0014219        ,bantam-3p,agaaCCGGUUUUCAUUUUCGAUCUGACuuauuugauuuaacaagagUGAGAUCAUUUUGAAAGCUGAUuuu,47 - UGAGAUCAUUUUGAAAGCUGAU - 68,Aedes aegypti,,,,,,,,,,,,,,,,wolbachia,,,,,,,,,,,,,,,,,up-regulated,aag2,cell nucleus,,,,"Mayoral et al., 2014",10.1371/journal.pone.0096107
MIMAT0014218        ,bantam-5p,agaaCCGGUUUUCAUUUUCGAUCUGACuuauuugauuuaacaagagUGAGAUCAUUUUGAAAGCUGAUuuu,5 - CCGGUUUUCAUUUUCGAUCUGAC - 27,Aedes aegypti,,,,pupa,,,,up-regulated,,,,,,,,,,,,,,,,,,,,,,,,,,,,,,,,
MIMAT0014218        ,bantam-5p,agaaCCGGUUUUCAUUUUCGAUCUGACuuauuugauuuaacaagagUGAGAUCAUUUUGAAAGCUGAUuuu,5 - CCGGUUUUCAUUUUCGAUCUGAC - 27,Aedes aegypti,,,,,,,,,,,,,up-regulated,,,,,,,,,,,,,,,,,,,,,,,,,,,
MIMAT0014218        ,bantam-5p,agaaCCGGUUUUCAUUUUCGAUCUGACuuauuugauuuaacaagagUGAGAUCAUUUUGAAAGCUGAUuuu,5 - CCGGUUUUCAUUUUCGAUCUGAC - 27,Aedes aegypti,,,,,,,,,,,,,,,,wolbachia,,,,,,,,,,,,,,,,,up-regulated,aag2,cell nucleus,,,,"Mayoral et al., 2014",10.1371/journal.pone.0096107
MIMAT0014218        ,bantam-5p,agaaCCGGUUUUCAUUUUCGAUCUGACuuauuugauuuaacaagagUGAGAUCAUUUUGAAAGCUGAUuuu,5 - CCGGUUUUCAUUUUCGAUCUGAC - 27,Aedes aegypti,,,,,,,,,,,,,,,,wolbachia,,,,,,,,,,,,,,,,,down-regulated,aag2,cell cytoplasm,,,,"Mayoral et al., 2014",10.1371/journal.pone.0096107
MIMAT0014299,let-7,cacguUGAGGUAGUUGGUUGUAUAGUagugacugauuaaauaucugcuaugcaaucugcuagcuugucgug,UGAGGUAGUUGGUUGUAUAGU,Aedes aegypti,,,,,,,,,,,,,up-regulated,gut,12,,,,,,,,,,,,,,,,,,,,,,,,"Bryant et al., 2010",10.1073/pnas.1016230107
MIMAT0014299,let-7,cacguUGAGGUAGUUGGUUGUAUAGUagugacugauuaaauaucugcuaugcaaucugcuagcuugucgug,UGAGGUAGUUGGUUGUAUAGU,Aedes aegypti,,,,,,,,,,,,,up-regulated,fat body,6,,,,,,,,,,,,,,,,,,,,,,,,"Zhang et al., 2017",10.1073/pnas.1701474114
MIMAT0014299,let-7,cacguUGAGGUAGUUGGUUGUAUAGUagugacugauuaaauaucugcuaugcaaucugcuagcuugucgug,UGAGGUAGUUGGUUGUAUAGU,Aedes aegypti,unkown,,,adult,,,,,,NA,,,,,,denv,down-regulated,"logFC, cutoff 1",-1.61,"3 independent cohorts of RexD colony mosquitoes (originally collected from Rexville, San Juan, Puerto Rico (Miller and Mitchell 1991)) were fed either meals containing mosquito cell culturederived DENV2 virus, strain Jamaica 1409, or conditioned cell culture medium mixed 1:1 with defibrinated sheep’s blood. The DENV meal titers ranged from 6.7 to 7.8 log plaqueforming units per ml. Pools of 20 whole mosquitoes were harvested at 2, 4, or 9 dpe from both DENV2-fed and un-exposed controls. Infection rates, as determined by plaque assay, were 50% at 9 dpe (SRP026241 - Sequence Read Archive).",NA,NA,NA,NA,NA,NA,2,,,,,,,,,,,,"Campbell et al., 2014",10.1111/imb.12070
MIMAT0014299,let-7,cacguUGAGGUAGUUGGUUGUAUAGUagugacugauuaaauaucugcuaugcaaucugcuagcuugucgug,UGAGGUAGUUGGUUGUAUAGU,Aedes aegypti,,,,,,,,,,,,,,,,wolbachia,,,,,,,,,,,,,,,,,up-regulated,aag2,cells,,,,"Hussain et al., 2011)",10.1073/pnas.1105469108
MIMAT0014299,let-7,cacguUGAGGUAGUUGGUUGUAUAGUagugacugauuaaauaucugcuaugcaaucugcuagcuugucgug,UGAGGUAGUUGGUUGUAUAGU,Aedes aegypti,,,,,,,,,,,,,,,,wolbachia,,,,,,,,,,,,,,,,,up-regulated,aag2,cell nucleus,,,,"Maharaj et al., 2015",10.1371/journal.pntd.0003386
MIMAT0014299,let-7,cacguUGAGGUAGUUGGUUGUAUAGUagugacugauuaaauaucugcuaugcaaucugcuagcuugucgug,UGAGGUAGUUGGUUGUAUAGU,Aedes aegypti,,,,,,,,,,,,,,,,wolbachia,,,,,,,,,,,,,,,,,up-regulated,aag2,cell cytoplasm,,,,"Mayoral et al., 2014",10.1371/journal.pone.0096107
,miR-1-5p,NO HAY SECUENCIA,,Aedes aegypti,,,,,,,,,,,,,,,,zika,,,,,,,,,,,,,,,up-regulated,NA,,,,,,,"Saldana et al., 2017",10.1371/journal.pntd.0005760
MIMAT0014277,miR-10-5p,uuuguucuacaucuACCCUGUAGAUCCGAAUUUGUUugaauauuuaacaagcgacaaauucgguucuagagagguuuguguggggcauu,ACCCUGUAGAUCCGAAUUUGUU,Aedes aegypti,,,,,,,,,,,,,,,,chikv,,,,,,,,,,,,up-regulated,NA,saliva,,,,,,,,,"Maharaj et al., 2015",10.1371/journal.pone.0096107
MIMAT0014277,miR-10-5p,uuuguucuacaucuACCCUGUAGAUCCGAAUUUGUUugaauauuuaacaagcgacaaauucgguucuagagagguuuguguggggcauu,ACCCUGUAGAUCCGAAUUUGUU,Aedes aegypti,,,,,,,,,,,,,,,,chikv,,,,,,,,,,,,up-regulated,NA,NA,,,,,,,,,"Dubey et al., 2017",10.1038/s41598-017-18043-0
MIMAT0014277,miR-10-5p,uuuguucuacaucuACCCUGUAGAUCCGAAUUUGUUugaauauuuaacaagcgacaaauucgguucuagagagguuuguguggggcauu,ACCCUGUAGAUCCGAAUUUGUU,Aedes aegypti,unkown,,,adult,,,,,,NA,,,,,,denv,down-regulated,"IsomiR/Exact read count ratio of 3′ multiple nucleotides extension isomiRs control vs infected, p < 0.05",Median value < 1 of infected,"To track the post-transcriptional modifications of Ae. aegypti miRNAs, we used the publicly available small RNA libraries of DENV-2 infected and non-infected mosquitoes (Campbell et al, 2014).  A total of 18 libraries with a study accession number of SRP026241 were downloaded from the National Center for Biotechnology Information Sequence Read archive. This data was generated by the SOLiD 3 sequencing platform from RNA samples of unexposed and exposed mosquitoes at three time points (day 2, 4 and 9 post-exposure, with three biological replicates). We also reanalyzed our previous small RNA deep sequencing data from DENV-2 infected and non-infected sheep blood-fed adult mosquitoes, which were sequenced by Illumina GA platforms. These data are accessible through NCBI’s Gene Expression Omnibus with GEO series accession number GSE59516.",NA,NA,NA,NA,NA,NA,2,,,,,,,,,,,,"Etebari et al., 2015",10.1038/srep15968
MIMAT0014277,miR-10-5p,uuuguucuacaucuACCCUGUAGAUCCGAAUUUGUUugaauauuuaacaagcgacaaauucgguucuagagagguuuguguggggcauu,ACCCUGUAGAUCCGAAUUUGUU,Aedes aegypti,,,,,,,,,,,,,,,,wolbachia,,,,,,,,,,,,,,,,,down-regulated,aag2,cell nucleus,,,,"Maharaj et al., 2015",10.1371/journal.pone.0096107
,miR-109,NA,AUCACGUCGGGGUCACCA,Aedes aegypti,,,,,,,,,,,,,,,,chikv,,,,,,,,,,,,down-regulated,NA,saliva,,,,,,,,,"Maharaj et al., 2015",10.1371/journal.pntd.0003386
,miR-115,NA,UGUGAUGUGACGUAGUGGUAC,Aedes aegypti,,,,,,,,,,,,,,,,chikv,,,,,,,,,,,,down-regulated,NA,saliva,,,,,,,,,"Maharaj et al., 2015",10.1371/journal.pntd.0003386
,miR-117,NA,UAGCAGAAUCCUGAGUAGGAC,Aedes aegypti,,,,,,,,,,,,,,,,chikv,,,,,,,,,,,,up-regulated,NA,saliva,,,,,,,,,"Maharaj et al., 2015",10.1371/journal.pntd.0003386
MIMAT0014264,miR-1175-5p,acgauaugaaauAAGUGGAGUAGUGGUCUCAUCGcuuaguauuagaaaagUGAGAUUCUACUUCUCCGACUUAAuucauaucua,AAGUGGAGUAGUGGUCUCAUCG,Aedes aegypti,,,,,,,,,,,,,,,,wolbachia,,,,,,,,,,,,,,,,,up-regulated,aag2,cell nucleus,,,,"Mayoral et al., 2014",10.1371/journal.pone.0096107
MIMAT0014264,miR-1175-5p,acgauaugaaauAAGUGGAGUAGUGGUCUCAUCGcuuaguauuagaaaagUGAGAUUCUACUUCUCCGACUUAAuucauaucua,AAGUGGAGUAGUGGUCUCAUCG,Aedes aegypti,,,,,,,,,,,,,,,,wolbachia,,,,,,,,,,,,,,,,,down-regulated,aag2,cell cytoplasm,,,,"Mayoral et al., 2014",10.1371/journal.pone.0096107
MIMAT0015371,miR-1175-3p,acgauaugaaauAAGUGGAGUAGUGGUCUCAUCGcuuaguauuagaaaagUGAGAUUCUACUUCUCCGACUUAAuucauaucua,UGAGAUUCUACUUCUCCGACUUAA,Aedes aegypti,,,,,,,,,,,,,,,,chikv,,,,,,,,,,,,down-regulated,NA,saliva,,,,,,,,,"Maharaj et al., 2015",10.1371/journal.pntd.0003386
MIMAT0015371,miR-1175-3p,acgauaugaaauAAGUGGAGUAGUGGUCUCAUCGcuuaguauuagaaaagUGAGAUUCUACUUCUCCGACUUAAuucauaucua,UGAGAUUCUACUUCUCCGACUUAA,Aedes aegypti,unkown,,,adult,,,,,,NA,,,,,,denv,down-regulated,"logFC, cutoff 1",-2.55,"3 independent cohorts of RexD colony mosquitoes (originally collected from Rexville, San Juan, Puerto Rico (Miller and Mitchell 1991)) were fed either meals containing mosquito cell culturederived DENV2 virus, strain Jamaica 1409, or conditioned cell culture medium mixed 1:1 with defibrinated sheep’s blood. The DENV meal titers ranged from 6.7 to 7.8 log plaqueforming units per ml. Pools of 20 whole mosquitoes were harvested at 2, 4, or 9 dpe from both DENV2-fed and un-exposed controls. Infection rates, as determined by plaque assay, were 50% at 9 dpe (SRP026241 - Sequence Read Archive).",NA,NA,NA,NA,NA,NA,2,,,,,,,,,,,,"Campbell et al., 2014",10.1111/imb.12070
MIMAT0015371,miR-1175-3p,acgauaugaaauAAGUGGAGUAGUGGUCUCAUCGcuuaguauuagaaaagUGAGAUUCUACUUCUCCGACUUAAuucauaucua,UGAGAUUCUACUUCUCCGACUUAA,Aedes aegypti,,,,,,,,,,,,,,,,wolbachia,,,,,,,,,,,,,,,,,down-regulated,aag2,cell cytoplasm,,,,"Mayoral et al., 2014",10.1371/journal.pone.0096107
MIMAT0045999,miR-11900,augguaaaauuacguugaaaaaucgucucccucaaaaaaugaaaccugagacuaacaggagAUUUUUUUGACUGUAAUUUUAUAGu,AUUUUUUUGACUGUAAUUUUAUAG,Aedes aegypti,NA,,,NA,,,,,,cells,,,,,,denv,down-regulated,Normalized Mature miRNA Mean Read counts (RPM),31.9,Aag2 cells were seeded one day prior to infection and infected with DENV2 at a multiplicity of infection (MOI) of 0.5 by directly adding the virus to the culture medium. Three days post infection the culture medium was removed and cells were harvested for RNA and protein isolation. Preparation of small RNA libraries: hree 25 cm2 flasks of Aag2 cells were infected in parallel with DENV2 NGC. Three additional flasks were left uninfected.,NA,NA,cells,no,NA,aag2,2,,,,,,,,,,,,"Miesen et al., 2016",10.1371/journal.pntd.0004452
MIMAT0014253,miR-12-5p,uucggacUGAGUAUUACAUCAGGUACUGGUgucgauauucgaaucaccaacgaaucggguuccuuugauuaacuuacCAGUACUUAUGUUAUGCUCUCUccg,8 - UGAGUAUUACAUCAGGUACUGGU - 30,Aedes aegypti,,,,,,,,,,,,,,,,chikv,,,,,,,,,,,,up-regulated,NA,saliva,,,,,,"Monocarboxylate transporter MCT1, DNA replication licensing factor MCM6 genes","Affects Wolbachia density in the host cells (Osei-Amo et al., 2012)","Facilitating the Wolbachia infection (Osei-Amo et al., 2012; Maharaj et al., 2015), enhancing CHIKV infection (Maharaj et al., 2015)","Maharaj et al., 2015",10.1371/journal.pntd.0003386
MIMAT0014253,miR-12-5p,uucggacUGAGUAUUACAUCAGGUACUGGUgucgauauucgaaucaccaacgaaucggguuccuuugauuaacuuacCAGUACUUAUGUUAUGCUCUCUccg,8 - UGAGUAUUACAUCAGGUACUGGU - 30,Aedes aegypti,,,,,,,,,,,,,,,,wolbachia,,,,,,,,,,,,,,,,,up-regulated,aag2,cells,"Monocarboxylate transporter MCT1, DNA replication licensing factor MCM6 genes","Affects Wolbachia density in the host cells (Osei-Amo et al., 2012)","Facilitating the Wolbachia infection (Osei-Amo et al., 2012; Maharaj et al., 2015), enhancing CHIKV infection (Maharaj et al., 2015)","Osei-Amo et al., 2012",10.1371/journal.pone.0050049
MIMAT0014254,miR-12-3p,uucggacUGAGUAUUACAUCAGGUACUGGUgucgauauucgaaucaccaacgaaucggguuccuuugauuaacuuacCAGUACUUAUGUUAUGCUCUCUccg,78 - CAGUACUUAUGUUAUGCUCUCU - 99,Aedes aegypti,,,,,,,,,,,,,,,,wolbachia,,,,,,,,,,,,,,,,,up-regulated,aag2,cell nucleus,"Monocarboxylate transporter MCT1, DNA replication licensing factor MCM6 genes","Affects Wolbachia density in the host cells (Osei-Amo et al., 2012)",,"Mayoral et al., 2014",10.1371/journal.pone.0096107
MIMAT0014254,miR-12-3p,uucggacUGAGUAUUACAUCAGGUACUGGUgucgauauucgaaucaccaacgaaucggguuccuuugauuaacuuacCAGUACUUAUGUUAUGCUCUCUccg,78 - CAGUACUUAUGUUAUGCUCUCU - 99,Aedes aegypti,,,,,,,,,,,,,,,,wolbachia,,,,,,,,,,,,,,,,,up-regulated,aag2,cell cytoplasm,"Monocarboxylate transporter MCT1, DNA replication licensing factor MCM6 genes","Affects Wolbachia density in the host cells (Osei-Amo et al., 2012)",,"Mayoral et al., 2014",10.1371/journal.pone.0096107
MIMAT0014282,miR-124-3p,uuuucuccugguauccacugccggccuauauguccuauuucgguacucaUAAGGCACGCGGUGAAUGCcaagagcg,UAAGGCACGCGGUGAAUGC,Aedes aegypti,unkown,,,adult,,,,,,NA,,,,,,denv,down-regulated,"logFC, cutoff 1",-1.46,"3 independent cohorts of RexD colony mosquitoes (originally collected from Rexville, San Juan, Puerto Rico (Miller and Mitchell 1991)) were fed either meals containing mosquito cell culturederived DENV2 virus, strain Jamaica 1409, or conditioned cell culture medium mixed 1:1 with defibrinated sheep’s blood. The DENV meal titers ranged from 6.7 to 7.8 log plaqueforming units per ml. Pools of 20 whole mosquitoes were harvested at 2, 4, or 9 dpe from both DENV2-fed and un-exposed controls. Infection rates, as determined by plaque assay, were 50% at 9 dpe (SRP026241 - Sequence Read Archive).",NA,NA,NA,NA,NA,NA,2,,,,,,,,,,,,"Campbell et al., 2014",10.1111/imb.12070
MIMAT0014282,miR-124-3p,uuuucuccugguauccacugccggccuauauguccuauuucgguacucaUAAGGCACGCGGUGAAUGCcaagagcg,UAAGGCACGCGGUGAAUGC,Aedes aegypti,,,,,,,,,,,,,,,,wolbachia,,,,,,,,,,,,,,,,,up-regulated,aag2,cell nucleus,,,,"Mayoral et al., 2014",10.1371/journal.pone.0096107
MIMAT0014282,miR-124-3p,uuuucuccugguauccacugccggccuauauguccuauuucgguacucaUAAGGCACGCGGUGAAUGCcaagagcg,UAAGGCACGCGGUGAAUGC,Aedes aegypti,,,,,,,,,,,,,,,,wolbachia,,,,,,,,,,,,,,,,,up-regulated,aag2,cell cytoplasm,,,,"Mayoral et al., 2014",10.1371/journal.pone.0096107
,miR-1247,NA,GUUCGACUCCCAGUCGGU,Aedes aegypti,,,,,,,,,,,,,,,,chikv,,,,,,,,,,,,up-regulated,NA,saliva,,,,,,,,,"Maharaj et al., 2015",10.1371/journal.pntd.0003386
MI0013463,miR-13-3p,gucgugaucggaUCGUAAAAAUGGUUGUGCUGUGuuguuacgcucgaaauucaUAUCACAGCCAUUUUGACGAGUUcgauccug,54 - UAUCACAGCCAUUUUGACGAGUU - 76,Aedes aegypti,,,,,,,,,,,,,,,,chikv,,,,,,,,,,,,up-regulated,NA,saliva,,,,,,,,,"Maharaj et al., 2015",10.1371/journal.pntd.0003386
,miR-143,NA,AACCCGUAGAUCCGAACUUGUG,Aedes aegypti,,,,,,,,,,,,,,,,chikv,,,,,,,,,,,,up-regulated,NA,saliva,,,,,,,,,"Maharaj et al., 2015",10.1371/journal.pntd.0003386
,miR-1571,NA,GAGAGGCCUGUGUAAUCU,Aedes aegypti,,,,,,,,,,,,,,,,chikv,,,,,,,,,,,,up-regulated,NA,saliva,,,,,,,,,"Maharaj et al., 2015",10.1371/journal.pntd.0003386
MIMAT0014263,miR-1891-1,cuuuuuccgucauguUGAGGAGUUAAUUUGCGUGUUUuuguauuugauuaaacacguccauuaacucugguacaugaugauaaaagc,UGAGGAGUUAAUUUGCGUGUUU,Aedes aegypti,,,,,,,,,,,,,,,,chikv,,,,,,,,,,,,up-regulated,NA,saliva,,,,,,,,,"Maharaj et al., 2015",10.1371/journal.pntd.0003386
MIMAT0014263,miR-1891-2,aucuuuuuccgucauguUGAGGAGUUAAUUUGCGUGUUUuuguauuugauuaaacacguccauuaacucugguacaugaugauaaaagccaa,UGAGGAGUUAAUUUGCGUGUUU,Aedes aegypti,,,,,,,,,,,,,,,,chikv,,,,,,,,,,,,up-regulated,NA,saliva,,,,,,,,,"Maharaj et al., 2015",10.1371/journal.pntd.0003386
MIMAT0014263,miR-1891-1,cuuuuuccgucauguUGAGGAGUUAAUUUGCGUGUUUuuguauuugauuaaacacguccauuaacucugguacaugaugauaaaagc,UGAGGAGUUAAUUUGCGUGUUU,Aedes aegypti,,,,,,,,,,,,,,,,wolbachia,,,,,,,,,,,,,,,,,down-regulated,NA,NA,,,,"Hussain et al., 2011)",10.1073/pnas.1105469108
MIMAT0014263,miR-1891-1,cuuuuuccgucauguUGAGGAGUUAAUUUGCGUGUUUuuguauuugauuaaacacguccauuaacucugguacaugaugauaaaagc,UGAGGAGUUAAUUUGCGUGUUU,Aedes aegypti,male,,up-regultated,adult,,,,,up-regulated,,,,,,,,,,,,,,,,,,,,,,,,,,,,,,"Hu et al., 2015",10.1111/imb.12152
MIMAT0014263,miR-1891-2,aucuuuuuccgucauguUGAGGAGUUAAUUUGCGUGUUUuuguauuugauuaaacacguccauuaacucugguacaugaugauaaaagccaa,UGAGGAGUUAAUUUGCGUGUUU,Aedes aegypti,male,,up-regultated,adult,,,,,up-regulated,,,,,,,,,,,,,,,,,,,,,,,,,,,,,,"Hu et al., 2015",10.1111/imb.12152
,miR-214,NA,UUCCCGGACGAGCCCCCA,Aedes aegypti,,,,,,,,,,,,,,,,chikv,,,,,,,,,,,,up-regulated,NA,saliva,,,,,,,,,"Maharaj et al., 2015",10.1371/journal.pntd.0003386
MIMAT0014307,miR-219,uuucuagcucUGAUUGUCCAAACGCAAUUCUUGuuuuauucgaauaugauauccaagaguugugacuggacauccguggcucgaaa,UGAUUGUCCAAACGCAAUUCUUG,Aedes aegypti,,,,,,,,,,,,,,,,wolbachia,,,,,,,,,,,,,,,,,up-regulated,NA,cell cytoplasm,,,,"Mayoral et al., 2014",10.1371/journal.pone.0096107
,miR-229,NA,UCAUAAGACACACGCGGCUAU,Aedes aegypti,,,,,,,,,,,,,,,,chikv,,,,,,,,,,,,up-regulated,NA,saliva,,,,,,,,,"Maharaj et al., 2015",10.1371/journal.pntd.0003386
,miR-23,NA,UAGCACCAUUCGAAAUCAGUAC,Aedes aegypti,,,,,,,,,,,,,,,,chikv,,,,,,,,,,,,up-regulated,NA,saliva,,,,,,,,,"Maharaj et al., 2015",10.1371/journal.pntd.0003386
,miR-242,NA,CAUCGAUCGCGCACCUGA,Aedes aegypti,,,,,,,,,,,,,,,,chikv,,,,,,,,,,,,up-regulated,NA,saliva,,,,,,,,,"Maharaj et al., 2015",10.1371/journal.pntd.0003386
,miR-249,NA,UCAGUCUUUUUCUCUCUCCU,Aedes aegypti,,,,,,,,,,,,,,,,chikv,,,,,,,,,,,,up-regulated,NA,saliva,,,,,,,,,"Maharaj et al., 2015",10.1371/journal.pntd.0003386
MIMAT0014289,miR-263a-5p,uccuaguacacguAAUGGCACUGGAAGAAUUCACGGguauauuuugaaaucccCGUGUUCUGGCAGUGGCAUCCCugguacuaaggugauucaucag,14 - AAUGGCACUGGAAGAAUUCACGG - 36,Aedes aegypti,,,,,,,,,,,,,,,,zika,,,,,,,,,,,,,,,down-regulated,NA,,,,,,,"Saldana et al., 2017",10.1371/journal.pntd.0005760
MIMAT0014285,miR-2765,aaacguuuccggagccUGGUAACUCCACCACCGUUGGCgauauuugacagccaaugggagcuggaguucccgcgugccgaacguuca,UGGUAACUCCACCACCGUUGGC,Aedes aegypti,,,,,,,,,,,,,,,,wolbachia,,,,,,,,,,,,,,,,,up-regulated,aag2,cell nucleus,,,,"Mayoral et al., 2014",10.1371/journal.pone.0096107
MI0013435,miR-277-3p,uaguuuuggagugCGUGUCAGAAGUGCAUUUACAuagguauuucccguuuagcaguauuugUAAAUGCACUAUCUGGUACGACauuccagaauca,62 - UAAAUGCACUAUCUGGUACGAC - 83,Aedes aegypti,,,,,,,,,,,,,,,,chikv,,,,,,,,,,,,up-regulated,NA,saliva,,,,,,,,,"Maharaj et al., 2015",10.1371/journal.pntd.0003386
MI0013435,miR-277-3p,uaguuuuggagugCGUGUCAGAAGUGCAUUUACAuagguauuucccguuuagcaguauuugUAAAUGCACUAUCUGGUACGACauuccagaauca,62 - UAAAUGCACUAUCUGGUACGAC - 83,Aedes aegypti,,,,,,,,,,,,,,,,wolbachia,,,,,,,,,,,,,,,,,up-regulated,NA,NA,,,,"Hussain et al., 2011)",10.1073/pnas.1105469108
MI0013435,miR-277-3p,uaguuuuggagugCGUGUCAGAAGUGCAUUUACAuagguauuucccguuuagcaguauuugUAAAUGCACUAUCUGGUACGACauuccagaauca,62 - UAAAUGCACUAUCUGGUACGAC - 83,Aedes aegypti,,,,,,,,,,,,,,,,wolbachia,,,,,,,,,,,,,,,,,up-regulated,aag2,cell nucleus,,,,"Mayoral et al., 2014",10.1371/journal.pone.0096107
,miR-2779,NO HAY SECUENCIA,,Aedes aegypti,,,,,,,,,,,,,,,,chikv,,,,,,,,,,,,down-regulated,NA,NA,,,,,,,,,"Dubey et al., 2017",10.1038/s41598-017-18043-0
MIMAT0014232,miR-281-3p,ugguuucgaauaugaaaauaAAGAGAGCUAUCCGUCGACaguagggauaugauucacUGUCAUGGAAUUGCUCUCUUUAuguacaauucgauauuca,58 - UGUCAUGGAAUUGCUCUCUUUA - 79,Aedes aegypti,,,,,,,,,,,,,,,,wolbachia,,,,,,,,,,,,,,,,,up-regulated,NA,NA,,,,"Hussain et al., 2011)",10.1073/pnas.1105469108
MIMAT0014232,miR-281-3p,ugguuucgaauaugaaaauaAAGAGAGCUAUCCGUCGACaguagggauaugauucacUGUCAUGGAAUUGCUCUCUUUAuguacaauucgauauuca,58 - UGUCAUGGAAUUGCUCUCUUUA - 79,Aedes aegypti,,,,,,,,,,,,,,,,wolbachia,,,,,,,,,,,,,,,,,up-regulated,aag2,cell cytoplasm,,,,"Mayoral et al., 2014",10.1371/journal.pone.0096107
MIMAT0014311,miR-282-1-5p,aucgucaucgucaucgucgcacagguguAAUCUAGCCUCUCCUAGGCUUUGUCUGuuaccuuccuugggaauuccacuagccagACAUAGCCUGACAGAGGUUAGGugaaaucugaaaagucaacggccaacggu,AAUCUAGCCUCUCCUAGGCUUUGUCUG,Aedes aegypti,,,,,,,,,,,,,,,,wolbachia,,,,,,,,,,,,up-regulated,aag2,cell nucleus,,,,,,,,,"Mayoral et al., 2014",10.1371/journal.pone.0096107
MIMAT0014273,miR-285-3p,guuaaucuuccuaaguacuggcuuccaaaggugaguagauggcauucgauacacucUAGCACCAUUCGAAAUCAGUACugaaggcgaagauuuguucugcguga,UAGCACCAUUCGAAAUCAGUAC,Aedes aegypti,,,,,,,,,,,,,,,,chikv,,,,,,,,,,,,up-regulated,NA,saliva,,,,,,,,,"Maharaj et al., 2015",10.1371/journal.pntd.0003386
MIMAT0014273,miR-285-3p,guuaaucuuccuaaguacuggcuuccaaaggugaguagauggcauucgauacacucUAGCACCAUUCGAAAUCAGUACugaaggcgaagauuuguucugcguga,UAGCACCAUUCGAAAUCAGUAC,Aedes aegypti,,,,,,,,,,,,,,,,chikv,,,,,,,,,,,,down-regulated,NA,NA,,,,,,,,,"Dubey et al., 2017",10.1038/s41598-017-18043-0
MIMAT0014273,miR-285-3p,guuaaucuuccuaaguacuggcuuccaaaggugaguagauggcauucgauacacucUAGCACCAUUCGAAAUCAGUACugaaggcgaagauuuguucugcguga,UAGCACCAUUCGAAAUCAGUAC,Aedes aegypti,,,,,,,,,,,,,,,,wolbachia,,,,,,,,,,,,,,,,,up-regulated,aag2,cell cytoplasm,,,,"Mayoral et al., 2014",10.1371/journal.pone.0096107
MIMAT0014301,miR-2943-1-5p,cccaauugaugUUAAGUAGGCACUUGCAGGCAAAguuucauucacaauuugacugcuuuuuccuaccuuacauugaguggg,UUAAGUAGGCACUUGCAGGCAAA,Aedes aegypti,,,,,,,,,,,,,,,,wolbachia,,,,,,,,,,,,,,,,,up-regulated,NA,NA,,,,"Hussain et al., 2011)",10.1073/pnas.1105469108
,miR-2951-5p,NO HAY SECUENCIA,,Aedes aegypti,,,,,,,,,,,,,,,,chikv,,,,,,,,,,,,down-regulated,NA,NA,,,,,,,,,"Dubey et al., 2017",10.1038/s41598-017-18043-0
NA,miR-3,NA,AGGGUCGGAGGUUCGAAUCCC,Aedes aegypti,,,,,,,,,,,,,,,,chikv,,,,,,,,,,,,up-regulated,NA,saliva,,,,,,,,,"Maharaj et al., 2015",10.1371/journal.pntd.0003386
,miR-3069,NA,UUUGUUCGUUUGGCUCGAGU,Aedes aegypti,,,,,,,,,,,,,,,,chikv,,,,,,,,,,,,down-regulated,NA,saliva,,,,,,,,,"Maharaj et al., 2015",10.1371/journal.pntd.0003386
MIMAT0014296,miR-307-3p,cuaguuucccggcagucgaucacucacucaaccugggugugaugcuuauuugaaucauCACAACCUCCUUGAGUGAGCGAccgauugaugg,CACAACCUCCUUGAGUGAGCGA,Aedes aegypti,,,,,,,,,,,,,,,,chikv,,,,,,,,,,,,up-regulated,NA,saliva,,,,,,,,,"Maharaj et al., 2015",10.1371/journal.pntd.0003386
MIMAT0014272,miR-309a-1-3p,auccaccgaauguuaugcgacuaacuucguucaguuuggugucauacgaagguuuccaguuucaUCACUGGGCAAAGUUUGUCGCauaaaug,UCACUGGGCAAAGUUUGUCGC,Aedes aegypti,,,,,,,,,,,,,,,,,,,,,,,,,,,,up-regulated,NA,saliva,,,,,,,,,"Maharaj et al., 2015",10.1371/journal.pntd.0003386
MIMAT0014276,miR-31-5p,cgagauuuugggagauugaaggucguguuugcagagugaaauuggcaacuUGGCAAGAUGUUGGCAUAGCUGAaaguuuugaguuuagcuauucaacuucuugucuauuuuuccaauuuauugacaacgaagaggcguuuuuccgugau,UGGCAAGAUGUUGGCAUAGCUGA,Aedes aegypti,,,,,,,,,,,,,,,,chikv,,,,,,,,,,,,up-regulated,NA,saliva,,,,,,,,,"Maharaj et al., 2015",10.1371/journal.pntd.0003386
MI0013467,miR-315-5p,aguguuucuauaaaaUUUUGAUUGUUGCUCAGAAAGCcgugcauuugaaacgggucgCUUUCGAGCAGUAAUCAAAGUCaaauaaaacacca,16 - UUUUGAUUGUUGCUCAGAAAGC - 37,Aedes aegypti,,,,,,,,,,,,,,,,chikv,,,,,,,,,,,,up-regulated,NA,saliva,,,,,,,,,"Maharaj et al., 2015",10.1371/journal.pntd.0003386
,miR-320,NA,UUUCGGAUAUGUUUUAGAAAUUC,Aedes aegypti,,,,,,,,,,,,,,,,chikv,,,,,,,,,,,,up-regulated,NA,saliva,,,,,,,,,"Maharaj et al., 2015",10.1371/journal.pntd.0003386
MI0013493,miR-33-5p,ccacccggGUGCAUUGUAGUUGCAUUGCAcuuuugcguucgauaacacggugcaauacuucugcaaugcaagccaggugg,9 - GUGCAUUGUAGUUGCAUUGCA - 29,Aedes aegypti,,,,,,,,,,,,,,,,chikv,,,,,,,,,,,,up-regulated,NA,saliva,,,,,,,,,"Maharaj et al., 2015",10.1371/journal.pntd.0003386
MI0013493,miR-33-5p,ccacccggGUGCAUUGUAGUUGCAUUGCAcuuuugcguucgauaacacggugcaauacuucugcaaugcaagccaggugg,9 - GUGCAUUGUAGUUGCAUUGCA - 29,Aedes aegypti,,,,,,,,,,,,,,,,wolbachia,,,,,,,,,,,,,,,,,up-regulated,aag2,cell cytoplasm,,,,"Mayoral et al., 2014",10.1371/journal.pone.0096107
,miR-3368-5p,NA,UCAGUCUUUUAGAGAAGAAG,Aedes aegypti,unkown,,,adult,,,,,,NA,,,,,,denv,down-regulated,"logFC, cutoff 1",-2.6,"3 independent cohorts of RexD colony mosquitoes (originally collected from Rexville, San Juan, Puerto Rico (Miller and Mitchell 1991)) were fed either meals containing mosquito cell culturederived DENV2 virus, strain Jamaica 1409, or conditioned cell culture medium mixed 1:1 with defibrinated sheep’s blood. The DENV meal titers ranged from 6.7 to 7.8 log plaqueforming units per ml. Pools of 20 whole mosquitoes were harvested at 2, 4, or 9 dpe from both DENV2-fed and un-exposed controls. Infection rates, as determined by plaque assay, were 50% at 9 dpe (SRP026241 - Sequence Read Archive).",NA,NA,NA,NA,NA,NA,2,,,,,,,,,,,,"Campbell et al., 2014",10.1111/imb.12070
,miR-341,NA,GCAGGAUCGUAGGAGGCU,Aedes aegypti,,,,,,,,,,,,,,,,chikv,,,,,,,,,,,,up-regulated,NA,saliva,,,,,,,,,"Maharaj et al., 2015",10.1371/journal.pntd.0003386
,miR-3722-5p,NA,CGAUUCGAGGUGGCGGUUUC,Aedes aegypti,unkown,,,adult,,,,,,NA,,,,,,denv,down-regulated,"logFC, cutoff 1",-3.19,"3 independent cohorts of RexD colony mosquitoes (originally collected from Rexville, San Juan, Puerto Rico (Miller and Mitchell 1991)) were fed either meals containing mosquito cell culturederived DENV2 virus, strain Jamaica 1409, or conditioned cell culture medium mixed 1:1 with defibrinated sheep’s blood. The DENV meal titers ranged from 6.7 to 7.8 log plaqueforming units per ml. Pools of 20 whole mosquitoes were harvested at 2, 4, or 9 dpe from both DENV2-fed and un-exposed controls. Infection rates, as determined by plaque assay, were 50% at 9 dpe (SRP026241 - Sequence Read Archive).",NA,NA,NA,NA,NA,NA,2,,,,,,,,,,,,"Campbell et al., 2014",10.1111/imb.12070
,miR-359,NA,GUAACUGACGCUGAGGAG,Aedes aegypti,,,,,,,,,,,,,,,,chikv,,,,,,,,,,,,up-regulated,NA,saliva,,,,,,,,,"Maharaj et al., 2015",10.1371/journal.pntd.0003386
,miR-360,NA,GUGAGCAAAUUUUCAGGUGUGU,Aedes aegypti,,,,,,,,,,,,,,,,chikv,,,,,,,,,,,,up-regulated,NA,saliva,,,,,,,,,"Maharaj et al., 2015",10.1371/journal.pntd.0003386
,miR-40,NA,UUGCGUUGAUUAAGUCCC,Aedes aegypti,,,,,,,,,,,,,,,,chikv,,,,,,,,,,,,up-regulated,NA,saliva,,,,,,,,,"Maharaj et al., 2015",10.1371/journal.pntd.0003386
,miR-402,NA,UUCCCGGACGAGCCCCCA,Aedes aegypti,,,,,,,,,,,,,,,,chikv,,,,,,,,,,,,up-regulated,NA,saliva,,,,,,,,,"Maharaj et al., 2015",10.1371/journal.pntd.0003386
,miR-4275-5p,NA,CCAAUUACCACUUCUUUUU,Aedes aegypti,unkown,,,adult,,,,,,NA,,,,,,denv,down-regulated,"logFC, cutoff 1",-2.27,"3 independent cohorts of RexD colony mosquitoes (originally collected from Rexville, San Juan, Puerto Rico (Miller and Mitchell 1991)) were fed either meals containing mosquito cell culturederived DENV2 virus, strain Jamaica 1409, or conditioned cell culture medium mixed 1:1 with defibrinated sheep’s blood. The DENV meal titers ranged from 6.7 to 7.8 log plaqueforming units per ml. Pools of 20 whole mosquitoes were harvested at 2, 4, or 9 dpe from both DENV2-fed and un-exposed controls. Infection rates, as determined by plaque assay, were 50% at 9 dpe (SRP026241 - Sequence Read Archive).",NA,NA,NA,NA,NA,NA,2,,,,,,,,,,,,"Campbell et al., 2014",10.1111/imb.12070
,miR-5,NA,UAGGAACUUCAUACCGUGCUCU,Aedes aegypti,,,,,,,,,,,,,,,,chikv,,,,,,,,,,,,up-regulated,NA,saliva,,,,,,,,,"Maharaj et al., 2015",10.1371/journal.pntd.0003386
,miR-5108-5p,NA,GGUAGAGCACUGGAUGGUU,Aedes aegypti,unkown,,,adult,,,,,,NA,,,,,,denv,down-regulated,"logFC, cutoff 1",-1.91,"3 independent cohorts of RexD colony mosquitoes (originally collected from Rexville, San Juan, Puerto Rico (Miller and Mitchell 1991)) were fed either meals containing mosquito cell culturederived DENV2 virus, strain Jamaica 1409, or conditioned cell culture medium mixed 1:1 with defibrinated sheep’s blood. The DENV meal titers ranged from 6.7 to 7.8 log plaqueforming units per ml. Pools of 20 whole mosquitoes were harvested at 2, 4, or 9 dpe from both DENV2-fed and un-exposed controls. Infection rates, as determined by plaque assay, were 50% at 9 dpe (SRP026241 - Sequence Read Archive).",NA,NA,NA,NA,NA,NA,2,,,,,,,,,,,,"Campbell et al., 2014",10.1111/imb.12070
,miR-5119-5p,NA,CAUCUCAUCCUGGGGCUG,Aedes aegypti,unkown,,,adult,,,,,,NA,,,,,,denv,up-regulated,"logFC, cutoff 1","2,632","3 independent cohorts of RexD colony mosquitoes (originally collected from Rexville, San Juan, Puerto Rico (Miller and Mitchell 1991)) were fed either meals containing mosquito cell culturederived DENV2 virus, strain Jamaica 1409, or conditioned cell culture medium mixed 1:1 with defibrinated sheep’s blood. The DENV meal titers ranged from 6.7 to 7.8 log plaqueforming units per ml. Pools of 20 whole mosquitoes were harvested at 2, 4, or 9 dpe from both DENV2-fed and un-exposed controls. Infection rates, as determined by plaque assay, were 50% at 9 dpe (SRP026241 - Sequence Read Archive).",NA,NA,NA,NA,NA,NA,2,,,,,,,,,,,,"Campbell et al., 2014",10.1111/imb.12070
,miR-576,NA,GGGGAUGUAGCUCAGUGGUAGAG,Aedes aegypti,,,,,,,,,,,,,,,,chikv,,,,,,,,,,,,up-regulated,NA,saliva,,,,,,,,,"Maharaj et al., 2015",10.1371/journal.pntd.0003386
,miR-620,NA,AUUAGAAUGUGGAAUCUGUUUU,Aedes aegypti,,,,,,,,,,,,,,,,chikv,,,,,,,,,,,,up-regulated,NA,saliva,,,,,,,,,"Maharaj et al., 2015",10.1371/journal.pntd.0003386
MI0013440,miR-71-5p,cggcaAGAAAGACAUGGGUAGUGAGAUaguuucacccuauugcacugggaUCUCACUACCUUGUCUUUCAUGcugau,6 - AGAAAGACAUGGGUAGUGAGAU - 27,Aedes aegypti,,,,,,,,,,,,,,,,chikv,,,,,,,,,,,,up-regulated,NA,NA,,,,,,,,,"Dubey et al., 2017",10.1038/s41598-017-18043-0
MI0013440,miR-71-5p,cggcaAGAAAGACAUGGGUAGUGAGAUaguuucacccuauugcacugggaUCUCACUACCUUGUCUUUCAUGcugau,6 - AGAAAGACAUGGGUAGUGAGAU - 27,Aedes aegypti,,,,,,,,,,,,,,,,zika,,,,,,,,,,,,,,,up-regulated,NA,,,,,,,"Saldana et al., 2017",10.1371/journal.pntd.0005760
,miR-778,NA,UUGGUCCCCUUCAACCAGCUGU,Aedes aegypti,,,,,,,,,,,,,,,,chikv,,,,,,,,,,,,down-regulated,NA,NA,,,,,,,,,"Maharaj et al., 2015",10.1371/journal.pntd.0003386
MI0013500,miR-79-5p,gaacccaucguccauGCUUUGGCGCUUUAGCUGUAUGAuagaauuuaauauuucaUAAAGCUAGAUUACCAAAGCAUggaaggcuugggcgguguc,16 - GCUUUGGCGCUUUAGCUGUAUGA - 38,Aedes aegypti,,,,,,,,,,,,,,,,wolbachia,,,,,,,,,,,,,,,,,up-regulated,aag2,cell cytoplasm,,,,"Mayoral et al., 2014",10.1371/journal.pone.0096107
,miR-8-5p,gucuguucaCAUCUUACCGGGCAGCAUUAGAuauuuuugaaauacuucUAAUACUGUCAGGUAAAGAUGUCguccgaac,10 - CAUCUUACCGGGCAGCAUUAGA - 31,Aedes aegypti,,,,,,,,,,,,,,,,wolbachia,,,,,,,,,,,,,,,,,down-regulated,aag2,cell cytoplasm,,,,"Mayoral et al., 2014",10.1371/journal.pone.0096107
,miR-80,NA,AUUCUCUGUUCGUCCACCA,Aedes aegypti,,,,,,,,,,,,,,,,chikv,,,,,,,,,,,,down-regulated,NA,saliva,,,,,,,,,"Maharaj et al., 2015",10.1371/journal.pntd.0003386
MI0013475,miR-932-5p,guaaucauagaauagcuUCAAUUCCGUAGUGCAUUGCAGugugcuuuagacgaacUGCAAGCAAUGUGGAAGUGAAGcgauucucaaugaucauc,18 - UCAAUUCCGUAGUGCAUUGCAG - 39,Aedes aegypti,,,,,,,,,,,,,,,,chikv,,,,,,,,,,,,up-regulated,NA,saliva,,,,,,,,,"Maharaj et al., 2015",10.1371/journal.pntd.0003386
MI0013475,miR-932-5p,guaaucauagaauagcuUCAAUUCCGUAGUGCAUUGCAGugugcuuuagacgaacUGCAAGCAAUGUGGAAGUGAAGcgauucucaaugaucauc,18 - UCAAUUCCGUAGUGCAUUGCAG - 39,Aedes aegypti,unkown,,,adult,,,,,,NA,,,,,,denv,down-regulated,"logFC, cutoff 1",-2.15,"3 independent cohorts of RexD colony mosquitoes (originally collected from Rexville, San Juan, Puerto Rico (Miller and Mitchell 1991)) were fed either meals containing mosquito cell culturederived DENV2 virus, strain Jamaica 1409, or conditioned cell culture medium mixed 1:1 with defibrinated sheep’s blood. The DENV meal titers ranged from 6.7 to 7.8 log plaqueforming units per ml. Pools of 20 whole mosquitoes were harvested at 2, 4, or 9 dpe from both DENV2-fed and un-exposed controls. Infection rates, as determined by plaque assay, were 50% at 9 dpe (SRP026241 - Sequence Read Archive).",NA,NA,NA,NA,NA,NA,2,,,,,,,,,,,,"Campbell et al., 2014",10.1111/imb.12070
MI0013475,miR-932-5p,guaaucauagaauagcuUCAAUUCCGUAGUGCAUUGCAGugugcuuuagacgaacUGCAAGCAAUGUGGAAGUGAAGcgauucucaaugaucauc,18 - UCAAUUCCGUAGUGCAUUGCAG - 39,Aedes aegypti,,,,,,,,,,,,,,,,wolbachia,,,,,,,,,,,,,,,,,down-regulated,aag2,cell cytoplasm,,,,"Mayoral et al., 2014",10.1371/journal.pone.0096107
,miR-965-3p,NO HAY SECUENCIA,,Aedes aegypti,,,,,,,,,,,,,,,,wolbachia,,,,,,,,,,,,,,,,,up-regulated,aag2,cell nucleus,,,,"Mayoral et al., 2014",10.1371/journal.pone.0096107
,miR-965-3p,NO HAY SECUENCIA,,Aedes aegypti,,,,,,,,,,,,,,,,wolbachia,,,,,,,,,,,,,,,,,up-regulated,aag2,cell cytoplasm,,,,"Mayoral et al., 2014",10.1371/journal.pone.0096107
MI0013449,miR-980-3p,acuacaauuCGGCCGUUCAUUGGGUCAUCUAGCucguguuggaaacaguUAGCUGCCUAGUGAAGGGCaauauugu,50 - UAGCUGCCUAGUGAAGGGC - 68,Aedes aegypti,,,,,,,,,,,,,,,,chikv,,,,,,,,,,,,up-regulated,NA,saliva,,,,,,,,,"Maharaj et al., 2015",10.1371/journal.pntd.0003386
MI0013449,miR-980-3p,acuacaauuCGGCCGUUCAUUGGGUCAUCUAGCucguguuggaaacaguUAGCUGCCUAGUGAAGGGCaauauugu,50 - UAGCUGCCUAGUGAAGGGC - 68,Aedes aegypti,,,,,,,,,,,,,,,,zika,,,,,,,,,,,,,,,down-regulated,NA,,,,,,,"Saldana et al., 2017",10.1371/journal.pntd.0005760
,miR-998-3p,NO HAY SECUENCIA,,Aedes aegypti,,,,,,,,,,,,,,,,chikv,,,,,,,,,,,,up-regulated,NA,saliva,,,,,,,,,"Dubey et al., 2017",10.1038/s41598-017-18043-0
,miR-998-3p,NO HAY SECUENCIA,,Aedes aegypti,,,,,,,,,,,,,,,,chikv,,,,,,,,,,,,down-regulated,NA,NA,,,,,,,,,"Maharaj et al., 2015",10.1371/journal.pntd.0003386