pre_mirna_name,species,product_name,pre_gc_mirb,pre_length,conf,comment_conf,seq_details,seq_details_link,pre_seq,literature_search,link_literature_search,acc_mirb,link_to_mirbase,rpm,mat_acc_mirb1,mat_acc_mirb1_link,mat_name_1,mat_seq_1,evidence1,mat_acc_mirb2,mat_acc_mirb2_link,mat_name_2,mat_seq_2,evidence2,ref1_link,ref2_link
dgr-mir-277,Drosophila grimshawi,Drosophila grimshawi dgr-mir-277 precursor miRNA,scaffold_14624: 2266198-2266286 [+],89,Not enough data,NA,NA,NA,caguuuugggcugcgugucaggagugcauuugcacugaaacauucugaaagcuugUAAAUGCACUAUCUGGUACGACAuuccagaacgu,NA,NA,MI0009099,https://www.mirbase.org//hairpin/MI0009099,NA,MIMAT0008556,https://www.mirbase.org/mature/MIMAT0008556,dgr-miR-277,56 - UAAAUGCACUAUCUGGUACGACA - 78,not_experimental,NA,NA,NA,NA,NA,https://www.mirbase.org/paper/18761,NA
dgr-mir-100,Drosophila grimshawi,Drosophila grimshawi dgr-mir-100 precursor miRNA,scaffold_15252: 6427665-6427746 [+],82,Not enough data,NA,NA,NA,ccauuaacagaAACCCGUAAAUCCGAACUUGUGcuguuuuuuaucuguuacaagaccggcauuaugggagucugucaaugca,NA,NA,MI0009100,https://www.mirbase.org//hairpin/MI0009100,NA,MIMAT0008557,https://www.mirbase.org/mature/MIMAT0008557,dgr-miR-100,12 - AACCCGUAAAUCCGAACUUGUG - 33,not_experimental,NA,NA,NA,NA,NA,https://www.mirbase.org/paper/18761,NA
dgr-mir-305,Drosophila grimshawi,Drosophila grimshawi dgr-mir-305 precursor miRNA,scaffold_15126: 5008545-5008617 [+],73,Not enough data,NA,NA,NA,caugucuAUUGUACUUCAUCAGGUGCUCUGgugucacucguaacccggcacauguugaaguacacucaauaug,NA,NA,MI0009101,https://www.mirbase.org//hairpin/MI0009101,NA,MIMAT0008558,https://www.mirbase.org/mature/MIMAT0008558,dgr-miR-305,8 - AUUGUACUUCAUCAGGUGCUCUG - 30,not_experimental,NA,NA,NA,NA,NA,https://www.mirbase.org/paper/18761,NA
dgr-bantam,Drosophila grimshawi,Drosophila grimshawi dgr-bantam precursor miRNA,scaffold_15110: 13265221-13265301 [-],81,Not enough data,NA,NA,NA,auuugacuacgaaaccgguuuucgauuugguuugacuguuuuucagacaagUGAGAUCAUUUUGAAAGCUGAUUuugucaa,NA,NA,MI0009102,https://www.mirbase.org//hairpin/MI0009102,NA,MIMAT0008559,https://www.mirbase.org/mature/MIMAT0008559,dgr-bantam,52 - UGAGAUCAUUUUGAAAGCUGAUU - 74,not_experimental,NA,NA,NA,NA,NA,https://www.mirbase.org/paper/18761,NA
dgr-mir-12,Drosophila grimshawi,Drosophila grimshawi dgr-mir-12 precursor miRNA,scaffold_14853: 6951722-6951795 [-],74,Not enough data,NA,NA,NA,uacgguUGAGUAUUACAUCAGGUACUGGUgugccauuuaaccaacaaccaguacuuaugucauacuacgccgug,NA,NA,MI0009103,https://www.mirbase.org//hairpin/MI0009103,NA,MIMAT0008560,https://www.mirbase.org/mature/MIMAT0008560,dgr-miR-12,7 - UGAGUAUUACAUCAGGUACUGGU - 29,not_experimental,NA,NA,NA,NA,NA,https://www.mirbase.org/paper/18761,NA
dgr-mir-219,Drosophila grimshawi,Drosophila grimshawi dgr-mir-219 precursor miRNA,scaffold_15110: 13121831-13121926 [+],96,Not enough data,NA,NA,NA,aauucgauuuuuagcuaUGAUUGUCCAAACGCAAUUCUUGuugauuucaaaaacucaaggguugcaucugggcaucgcggcucgaaaugagaauac,NA,NA,MI0009104,https://www.mirbase.org//hairpin/MI0009104,NA,MIMAT0008561,https://www.mirbase.org/mature/MIMAT0008561,dgr-miR-219,18 - UGAUUGUCCAAACGCAAUUCUUG - 40,not_experimental,NA,NA,NA,NA,NA,https://www.mirbase.org/paper/18761,NA
dgr-mir-307,Drosophila grimshawi,Drosophila grimshawi dgr-mir-307 precursor miRNA,scaffold_15112: 722957-723044 [-],88,Not enough data,NA,NA,NA,ugucuugcuuugacucacucaaccugggugugauguuauuucgauuugguauccaUCACAACCUCCUUGAGUGAGcgauagcaggaua,NA,NA,MI0009105,https://www.mirbase.org//hairpin/MI0009105,NA,MIMAT0008562,https://www.mirbase.org/mature/MIMAT0008562,dgr-miR-307,56 - UCACAACCUCCUUGAGUGAG - 75,not_experimental,NA,NA,NA,NA,NA,https://www.mirbase.org/paper/18761,NA
dgr-mir-287-1,Drosophila grimshawi,Drosophila grimshawi dgr-mir-287-1 precursor miRNA,scaffold_15252: 13917120-13917192 [+],73,Not enough data,NA,NA,NA,ugcauaaugcuugaaauuuugcacacauuuacaauauuuguaaaUGUGUUGAAAAUCGUUUGCACaacuguga,NA,NA,MI0009106,https://www.mirbase.org//hairpin/MI0009106,NA,MIMAT0008563,https://www.mirbase.org/mature/MIMAT0008563,dgr-miR-287,45 - UGUGUUGAAAAUCGUUUGCAC - 65,not_experimental,NA,NA,NA,NA,NA,https://www.mirbase.org/paper/18761,NA
dgr-mir-263b,Drosophila grimshawi,Drosophila grimshawi dgr-mir-263b precursor miRNA,scaffold_15110: 24319810-24319884 [-],75,Not enough data,NA,NA,NA,cauuacauCUUGGCACUGGGAGAAUUCACaguugguuauauaauauucugugguucugcgggugccaaacuguaa,NA,NA,MI0009107,https://www.mirbase.org//hairpin/MI0009107,NA,MIMAT0008564,https://www.mirbase.org/mature/MIMAT0008564,dgr-miR-263b,9 - CUUGGCACUGGGAGAAUUCAC - 29,not_experimental,NA,NA,NA,NA,NA,https://www.mirbase.org/paper/18761,NA
dgr-mir-308,Drosophila grimshawi,Drosophila grimshawi dgr-mir-308 precursor miRNA,scaffold_15245: 14076251-14076313 [-],63,Not enough data,NA,NA,NA,cucgcaguauauuuuuguguuuuguuuauuuuugaaaaucaAAUCACAGGAUUAUACUGUGAG,NA,NA,MI0009108,https://www.mirbase.org//hairpin/MI0009108,NA,MIMAT0008565,https://www.mirbase.org/mature/MIMAT0008565,dgr-miR-308,42 - AAUCACAGGAUUAUACUGUGAG - 63,not_experimental,NA,NA,NA,NA,NA,https://www.mirbase.org/paper/18761,NA
dgr-mir-184,Drosophila grimshawi,Drosophila grimshawi dgr-mir-184 precursor miRNA,scaffold_15245: 10719560-10719647 [-],88,Not enough data,NA,NA,NA,ccggugcauucguacCCUUAUCAUUCUCUCGCCCCGuguggauaacuauacaacUGGACGGAGAACUGAUAAGGGCucguaucaccaa,NA,NA,MI0009109,https://www.mirbase.org//hairpin/MI0009109,NA,MIMAT0008566,https://www.mirbase.org/mature/MIMAT0008566,dgr-miR-184-5p,16 - CCUUAUCAUUCUCUCGCCCCG - 36,not_experimental,MIMAT0008567,https://www.mirbase.org/mature/MIMAT0008567,dgr-miR-184-3p,55 - UGGACGGAGAACUGAUAAGGGC - 76,not_experimental,https://www.mirbase.org/paper/18761,NA
dgr-mir-2b,Drosophila grimshawi,Drosophila grimshawi dgr-mir-2b precursor miRNA,scaffold_15126: 521329-521411 [+],83,Not enough data,NA,NA,NA,uuguguccuucuucaaagugguugugaaauguuugccuuuuuaugccuacucaUAUCACAGCCAGCUUUGAGGAGCgacacga,NA,NA,MI0009110,https://www.mirbase.org//hairpin/MI0009110,NA,MIMAT0008568,https://www.mirbase.org/mature/MIMAT0008568,dgr-miR-2b,54 - UAUCACAGCCAGCUUUGAGGAGC - 76,not_experimental,NA,NA,NA,NA,NA,https://www.mirbase.org/paper/18761,NA
dgr-mir-6-2,Drosophila grimshawi,Drosophila grimshawi dgr-mir-6-2 precursor miRNA,scaffold_15112: 2108086-2108164 [-],79,Not enough data,NA,NA,NA,uaaccacagggaacugcugcugcugauauacaaccauauuuauacacgacuaUAUCACAGUGGCUGUUCUUUUUgguug,NA,NA,MI0009111,https://www.mirbase.org//hairpin/MI0009111,NA,MIMAT0008569,https://www.mirbase.org/mature/MIMAT0008569,dgr-miR-6,53 - UAUCACAGUGGCUGUUCUUUUU - 74,not_experimental,NA,NA,NA,NA,NA,https://www.mirbase.org/paper/18761,NA
dgr-mir-5-1,Drosophila grimshawi,Drosophila grimshawi dgr-mir-5-1 precursor miRNA,scaffold_15112: 2108531-2108603 [-],73,Not enough data,NA,NA,NA,gcuaAAAGGAACGAUCGUUGUGAUAUGcguucauuaaaucguuacauaucacagugauuuuccuuuauagcgc,NA,NA,MI0009112,https://www.mirbase.org//hairpin/MI0009112,NA,MIMAT0008570,https://www.mirbase.org/mature/MIMAT0008570,dgr-miR-5,5 - AAAGGAACGAUCGUUGUGAUAUG - 27,not_experimental,NA,NA,NA,NA,NA,https://www.mirbase.org/paper/18761,NA
dgr-mir-92a,Drosophila grimshawi,Drosophila grimshawi dgr-mir-92a precursor miRNA,scaffold_14906: 3023263-3023349 [+],87,Not enough data,NA,NA,NA,auaaauugcuugcaggacgggaaggugucaacguuuugcauuuugaaucaaaCAUUGCACUUGUCCCGGCCUAUgagcgguuugugc,NA,NA,MI0009113,https://www.mirbase.org//hairpin/MI0009113,NA,MIMAT0008571,https://www.mirbase.org/mature/MIMAT0008571,dgr-miR-92a,53 - CAUUGCACUUGUCCCGGCCUAU - 74,not_experimental,NA,NA,NA,NA,NA,https://www.mirbase.org/paper/18761,NA
dgr-mir-6-4,Drosophila grimshawi,Drosophila grimshawi dgr-mir-6-4 precursor miRNA,scaffold_5621: 3398-3467 [+],70,Not enough data,NA,NA,NA,uguaaagagaauagaugcugugcuguauguugaacguauugucuaUAUCACAGUGGCUGUUCUUUUUgua,NA,NA,MI0009114,https://www.mirbase.org//hairpin/MI0009114,NA,MIMAT0008569,https://www.mirbase.org/mature/MIMAT0008569,dgr-miR-6,46 - UAUCACAGUGGCUGUUCUUUUU - 67,not_experimental,NA,NA,NA,NA,NA,https://www.mirbase.org/paper/18761,NA
dgr-mir-11,Drosophila grimshawi,Drosophila grimshawi dgr-mir-11 precursor miRNA,scaffold_14906: 11659488-11659566 [+],79,Not enough data,NA,NA,NA,cacucgucaagaacucucucugugacuugcgugaacuuucaugugaaaaucgCAUCACAGUCUGAGUUCUUGCugagcg,NA,NA,MI0009115,https://www.mirbase.org//hairpin/MI0009115,NA,MIMAT0008572,https://www.mirbase.org/mature/MIMAT0008572,dgr-miR-11,53 - CAUCACAGUCUGAGUUCUUGC - 73,not_experimental,NA,NA,NA,NA,NA,https://www.mirbase.org/paper/18761,NA
dgr-mir-276b,Drosophila grimshawi,Drosophila grimshawi dgr-mir-276b precursor miRNA,scaffold_15110: 12572332-12572428 [-],97,Not enough data,NA,NA,NA,aacgaagucuauuuaccauUAGCGAGGUAUAGAGUUCCUACGugcaaauugcaauaaucgUAGGAACUUAAUACCGUGCUCUuggagggcugucgac,NA,NA,MI0009116,https://www.mirbase.org//hairpin/MI0009116,NA,MIMAT0008573,https://www.mirbase.org/mature/MIMAT0008573,dgr-miR-276b-5p,20 - UAGCGAGGUAUAGAGUUCCUACG - 42,not_experimental,MIMAT0008574,https://www.mirbase.org/mature/MIMAT0008574,dgr-miR-276b-3p,61 - UAGGAACUUAAUACCGUGCUCU - 82,not_experimental,https://www.mirbase.org/paper/18761,NA
dgr-mir-276a,Drosophila grimshawi,Drosophila grimshawi dgr-mir-276a precursor miRNA,scaffold_15110: 12521941-12522029 [-],89,Not enough data,NA,NA,NA,ccugguuuuugccauCAGCGAGGUAUAGAGUUCCUACGuuaaauuuaaauacucaUAGGAACUUCAUACCGUGCUCUuggaagaccaaa,NA,NA,MI0009117,https://www.mirbase.org//hairpin/MI0009117,NA,MIMAT0008575,https://www.mirbase.org/mature/MIMAT0008575,dgr-miR-276a-5p,16 - CAGCGAGGUAUAGAGUUCCUACG - 38,not_experimental,MIMAT0008576,https://www.mirbase.org/mature/MIMAT0008576,dgr-miR-276a-3p,56 - UAGGAACUUCAUACCGUGCUCU - 77,not_experimental,https://www.mirbase.org/paper/18761,NA
dgr-mir-309-1,Drosophila grimshawi,Drosophila grimshawi dgr-mir-309-1 precursor miRNA,scaffold_15112: 2109142-2109217 [-],76,Not enough data,NA,NA,NA,auuauauggcaaaccuuguucaguuuugacaacuuuguuucugugcaucaUCACUGGGUGAAGUUUGUCGUAuaau,NA,NA,MI0009118,https://www.mirbase.org//hairpin/MI0009118,NA,MIMAT0008577,https://www.mirbase.org/mature/MIMAT0008577,dgr-miR-309,51 - UCACUGGGUGAAGUUUGUCGUA - 72,not_experimental,NA,NA,NA,NA,NA,https://www.mirbase.org/paper/18761,NA
dgr-mir-iab-4,Drosophila grimshawi,Drosophila grimshawi dgr-mir-iab-4 precursor miRNA,scaffold_14906: 12815119-12815186 [+],68,Not enough data,NA,NA,NA,ucguauACGUAUACUGAAUGUAUCCUGAguguauccuaucCGGUAUACCUUCAGUAUACGUAACacga,NA,NA,MI0009119,https://www.mirbase.org//hairpin/MI0009119,NA,MIMAT0008578,https://www.mirbase.org/mature/MIMAT0008578,dgr-miR-iab-4-5p,7 - ACGUAUACUGAAUGUAUCCUGA - 28,not_experimental,MIMAT0008579,https://www.mirbase.org/mature/MIMAT0008579,dgr-miR-iab-4-3p,41 - CGGUAUACCUUCAGUAUACGUAAC - 64,not_experimental,https://www.mirbase.org/paper/18761,NA
dgr-mir-3-1,Drosophila grimshawi,Drosophila grimshawi dgr-mir-3-1 precursor miRNA,scaffold_15112: 2109014-2109079 [-],66,Not enough data,NA,NA,NA,ugggaugcauucuguacaguaauguugacucuuguaaaaccaUCACUGGGCAAAGUGUGUCUCAaa,NA,NA,MI0009120,https://www.mirbase.org//hairpin/MI0009120,NA,MIMAT0008580,https://www.mirbase.org/mature/MIMAT0008580,dgr-miR-3,43 - UCACUGGGCAAAGUGUGUCUCA - 64,not_experimental,NA,NA,NA,NA,NA,https://www.mirbase.org/paper/18761,NA
dgr-mir-285,Drosophila grimshawi,Drosophila grimshawi dgr-mir-285 precursor miRNA,scaffold_15110: 22570114-22570212 [-],99,Not enough data,NA,NA,NA,ucaaauugaagaacugagaucgauuggugcauagauaucguccaagaauaauuuaauuucaauucUAGCACCAUUCGAAAUCAGUGCuuuguauuggaa,NA,NA,MI0009121,https://www.mirbase.org//hairpin/MI0009121,NA,MIMAT0008581,https://www.mirbase.org/mature/MIMAT0008581,dgr-miR-285,66 - UAGCACCAUUCGAAAUCAGUGC - 87,not_experimental,NA,NA,NA,NA,NA,https://www.mirbase.org/paper/18761,NA
dgr-mir-9b,Drosophila grimshawi,Drosophila grimshawi dgr-mir-9b precursor miRNA,scaffold_14978: 831298-831386 [+],89,Not enough data,NA,NA,NA,ugcauauuauuugcUCUUUGGUGAUUUUAGCUCUAUGgugugcgcauaauccacagagcuuuauuaccaaaaaccaaaugguuuuugca,NA,NA,MI0009122,https://www.mirbase.org//hairpin/MI0009122,NA,MIMAT0008582,https://www.mirbase.org/mature/MIMAT0008582,dgr-miR-9b,15 - UCUUUGGUGAUUUUAGCUCUAUG - 37,not_experimental,NA,NA,NA,NA,NA,https://www.mirbase.org/paper/18761,NA
dgr-mir-79,Drosophila grimshawi,Drosophila grimshawi dgr-mir-79 precursor miRNA,scaffold_14978: 831100-831175 [+],76,Not enough data,NA,NA,NA,uugccgucgcuuuggcgcuuuagcuguaugauagauuugaauacuucaUAAAGCUAGAUUACCAAAGCAUcggcgc,NA,NA,MI0009123,https://www.mirbase.org//hairpin/MI0009123,NA,MIMAT0008583,https://www.mirbase.org/mature/MIMAT0008583,dgr-miR-79,49 - UAAAGCUAGAUUACCAAAGCAU - 70,not_experimental,NA,NA,NA,NA,NA,https://www.mirbase.org/paper/18761,NA
dgr-mir-318,Drosophila grimshawi,Drosophila grimshawi dgr-mir-318 precursor miRNA,scaffold_14906: 5077306-5077374 [-],69,Not enough data,NA,NA,NA,uuuaugggauacaccaaguucaguuuugucagauguccaagcaUCACUGGGCUUUGUUUAUCUCAuaag,NA,NA,MI0009124,https://www.mirbase.org//hairpin/MI0009124,NA,MIMAT0008584,https://www.mirbase.org/mature/MIMAT0008584,dgr-miR-318,44 - UCACUGGGCUUUGUUUAUCUCA - 65,not_experimental,NA,NA,NA,NA,NA,https://www.mirbase.org/paper/18761,NA
dgr-mir-31a,Drosophila grimshawi,Drosophila grimshawi dgr-mir-31a precursor miRNA,scaffold_15245: 16476673-16476763 [-],91,Not enough data,NA,NA,NA,ucuguuggugaauUGGCAAGAUGUCGGCAUAGCUGAcguuugaaagcgcaucuuauagcgcuaugcugcaucuagucaguuauucaaugga,NA,NA,MI0009125,https://www.mirbase.org//hairpin/MI0009125,NA,MIMAT0008585,https://www.mirbase.org/mature/MIMAT0008585,dgr-miR-31a,14 - UGGCAAGAUGUCGGCAUAGCUGA - 36,not_experimental,NA,NA,NA,NA,NA,https://www.mirbase.org/paper/18761,NA
dgr-mir-317,Drosophila grimshawi,Drosophila grimshawi dgr-mir-317 precursor miRNA,scaffold_14624: 2253125-2253214 [+],90,Not enough data,NA,NA,NA,ugcaauugccacugggauauugcccugugcucgcuuugaauauuguguaagcaagUGAACACAGCUGGUGGUAUCCAGUggccguuuggc,NA,NA,MI0009126,https://www.mirbase.org//hairpin/MI0009126,NA,MIMAT0008586,https://www.mirbase.org/mature/MIMAT0008586,dgr-miR-317,56 - UGAACACAGCUGGUGGUAUCCAGU - 79,not_experimental,NA,NA,NA,NA,NA,https://www.mirbase.org/paper/18761,NA
dgr-mir-3-2,Drosophila grimshawi,Drosophila grimshawi dgr-mir-3-2 precursor miRNA,scaffold_5621: 2663-2728 [+],66,Not enough data,NA,NA,NA,ugggaugcauucuguacaguaauguugacucuuguaaaaccaUCACUGGGCAAAGUGUGUCUCAaa,NA,NA,MI0009127,https://www.mirbase.org//hairpin/MI0009127,NA,MIMAT0008580,https://www.mirbase.org/mature/MIMAT0008580,dgr-miR-3,43 - UCACUGGGCAAAGUGUGUCUCA - 64,not_experimental,NA,NA,NA,NA,NA,https://www.mirbase.org/paper/18761,NA
dgr-mir-281-1,Drosophila grimshawi,Drosophila grimshawi dgr-mir-281-1 precursor miRNA,scaffold_15245: 18178200-18178287 [+],88,Not enough data,NA,NA,NA,cgaauaagugaauaAAGAGAGCUGUCCGUCGACAGUccaguauaaauuuuaauacUGUCAUGGAAUUGCUCUCUUUGUaugauauucg,NA,NA,MI0009128,https://www.mirbase.org//hairpin/MI0009128,NA,MIMAT0008587,https://www.mirbase.org/mature/MIMAT0008587,dgr-miR-281-1-5p,15 - AAGAGAGCUGUCCGUCGACAGU - 36,not_experimental,MIMAT0008588,https://www.mirbase.org/mature/MIMAT0008588,dgr-miR-281-3p,56 - UGUCAUGGAAUUGCUCUCUUUGU - 78,not_experimental,https://www.mirbase.org/paper/18761,NA
dgr-mir-9a,Drosophila grimshawi,Drosophila grimshawi dgr-mir-9a precursor miRNA,scaffold_15110: 23882750-23882824 [+],75,Not enough data,NA,NA,NA,cuauguugUCUUUGGUUAUCUAGCUGUAUGAgugauaaauaacgucauaaagcuagcuuaccgaaguuaauauua,NA,NA,MI0009129,https://www.mirbase.org//hairpin/MI0009129,NA,MIMAT0008589,https://www.mirbase.org/mature/MIMAT0008589,dgr-miR-9a,9 - UCUUUGGUUAUCUAGCUGUAUGA - 31,not_experimental,NA,NA,NA,NA,NA,https://www.mirbase.org/paper/18761,NA
dgr-mir-6-6,Drosophila grimshawi,Drosophila grimshawi dgr-mir-6-6 precursor miRNA,scaffold_5621: 3701-3774 [+],74,Not enough data,NA,NA,NA,aaggaagagaacgcucgcugcugauguaguucaugauucaaauauuuuaUAUCACAGUGGCUGUUCUUUUUugu,NA,NA,MI0009130,https://www.mirbase.org//hairpin/MI0009130,NA,MIMAT0008569,https://www.mirbase.org/mature/MIMAT0008569,dgr-miR-6,50 - UAUCACAGUGGCUGUUCUUUUU - 71,not_experimental,NA,NA,NA,NA,NA,https://www.mirbase.org/paper/18761,NA
dgr-mir-286-2,Drosophila grimshawi,Drosophila grimshawi dgr-mir-286-2 precursor miRNA,scaffold_5621: 2821-2924 [+],104,Not enough data,NA,NA,NA,uuaaaauuaaauggcgauugucgguauggucgcuuuugaaccuaaacucuauauacaauauauauaaagUGACUAGACCGAACACUCGUGCUauaauuuuaaaa,NA,NA,MI0009131,https://www.mirbase.org//hairpin/MI0009131,NA,MIMAT0008590,https://www.mirbase.org/mature/MIMAT0008590,dgr-miR-286,70 - UGACUAGACCGAACACUCGUGCU - 92,not_experimental,NA,NA,NA,NA,NA,https://www.mirbase.org/paper/18761,NA
dgr-mir-316,Drosophila grimshawi,Drosophila grimshawi dgr-mir-316 precursor miRNA,scaffold_15110: 9482053-9482139 [-],87,Not enough data,NA,NA,NA,aguucuagucgauuUGUCUUUUUCCGCUUACUGGCGuuuuauugagcaacgacaggaaagggaaaaaggcguauuuacuaugaaugu,NA,NA,MI0009132,https://www.mirbase.org//hairpin/MI0009132,NA,MIMAT0008591,https://www.mirbase.org/mature/MIMAT0008591,dgr-miR-316,15 - UGUCUUUUUCCGCUUACUGGCG - 36,not_experimental,NA,NA,NA,NA,NA,https://www.mirbase.org/paper/18761,NA
dgr-mir-306,Drosophila grimshawi,Drosophila grimshawi dgr-mir-306 precursor miRNA,scaffold_14978: 830926-830999 [+],74,Not enough data,NA,NA,NA,cugcUCAGGUACUUAGUGACUCUCAAuucaacauuguauugcacgccuuugagggucgcucugugccuguguug,NA,NA,MI0009133,https://www.mirbase.org//hairpin/MI0009133,NA,MIMAT0008592,https://www.mirbase.org/mature/MIMAT0008592,dgr-miR-306,5 - UCAGGUACUUAGUGACUCUCAA - 26,not_experimental,NA,NA,NA,NA,NA,https://www.mirbase.org/paper/18761,NA
dgr-mir-8,Drosophila grimshawi,Drosophila grimshawi dgr-mir-8 precursor miRNA,scaffold_15245: 3783138-3783228 [-],91,Not enough data,NA,NA,NA,aaggacaucuguucacaucuuaccgggcagcauuagauucuugauuuaaauaauucUAAUACUGUCAGGUAAAGAUGUCguccguguccuu,NA,NA,MI0009134,https://www.mirbase.org//hairpin/MI0009134,NA,MIMAT0008593,https://www.mirbase.org/mature/MIMAT0008593,dgr-miR-8,57 - UAAUACUGUCAGGUAAAGAUGUC - 79,not_experimental,NA,NA,NA,NA,NA,https://www.mirbase.org/paper/18761,NA
dgr-mir-4-2,Drosophila grimshawi,Drosophila grimshawi dgr-mir-4-2 precursor miRNA,scaffold_5621: 2983-3063 [+],81,Not enough data,NA,NA,NA,uugcaauuaguuucuuuggucguccagccuuaggugauuucucugaucAUAAAGCUAGACAACCAUUGAaguucguugugg,NA,NA,MI0009135,https://www.mirbase.org//hairpin/MI0009135,NA,MIMAT0008594,https://www.mirbase.org/mature/MIMAT0008594,dgr-miR-4,49 - AUAAAGCUAGACAACCAUUGA - 69,not_experimental,NA,NA,NA,NA,NA,https://www.mirbase.org/paper/18761,NA
dgr-mir-286-1,Drosophila grimshawi,Drosophila grimshawi dgr-mir-286-1 precursor miRNA,scaffold_15112: 2108818-2108921 [-],104,Not enough data,NA,NA,NA,uuaaaauuaaauggcgauugucgguauggucgcuuuugaaccuaaacucuauauacaauauauauaaagUGACUAGACCGAACACUCGUGCUauaauuuuaaaa,NA,NA,MI0009136,https://www.mirbase.org//hairpin/MI0009136,NA,MIMAT0008590,https://www.mirbase.org/mature/MIMAT0008590,dgr-miR-286,70 - UGACUAGACCGAACACUCGUGCU - 92,not_experimental,NA,NA,NA,NA,NA,https://www.mirbase.org/paper/18761,NA
dgr-mir-304,Drosophila grimshawi,Drosophila grimshawi dgr-mir-304 precursor miRNA,scaffold_14853: 6952289-6952377 [-],89,Not enough data,NA,NA,NA,gcagcauugaaUAAUCUCAAUUUGUAAAUGUGAGcgauuauuaagaauuugacgcacucacuuugcaauuggagauugcucgagauugc,NA,NA,MI0009137,https://www.mirbase.org//hairpin/MI0009137,NA,MIMAT0008595,https://www.mirbase.org/mature/MIMAT0008595,dgr-miR-304,12 - UAAUCUCAAUUUGUAAAUGUGAG - 34,not_experimental,NA,NA,NA,NA,NA,https://www.mirbase.org/paper/18761,NA
dgr-let-7-1,Drosophila grimshawi,Drosophila grimshawi dgr-let-7-1 precursor miRNA,scaffold_3792: 147-224 [+],78,Not enough data,NA,NA,NA,ucuggcaaauUGAGGUAGUAGGUUGUAUAGUaguaucuaucuagcauacuauacagcuugcuagcuuucuuugcuuga,NA,NA,MI0009138,https://www.mirbase.org//hairpin/MI0009138,NA,MIMAT0008596,https://www.mirbase.org/mature/MIMAT0008596,dgr-let-7,11 - UGAGGUAGUAGGUUGUAUAGU - 31,not_experimental,NA,NA,NA,NA,NA,https://www.mirbase.org/paper/18761,NA
dgr-mir-6-1,Drosophila grimshawi,Drosophila grimshawi dgr-mir-6-1 precursor miRNA,scaffold_15112: 2108232-2108301 [-],70,Not enough data,NA,NA,NA,uguaaagagaauagaugcugugcuguauguugaacguauugucuaUAUCACAGUGGCUGUUCUUUUUgua,NA,NA,MI0009139,https://www.mirbase.org//hairpin/MI0009139,NA,MIMAT0008569,https://www.mirbase.org/mature/MIMAT0008569,dgr-miR-6,46 - UAUCACAGUGGCUGUUCUUUUU - 67,not_experimental,NA,NA,NA,NA,NA,https://www.mirbase.org/paper/18761,NA
dgr-mir-278,Drosophila grimshawi,Drosophila grimshawi dgr-mir-278 precursor miRNA,scaffold_15112: 1314127-1314218 [-],92,Not enough data,NA,NA,NA,ugaugguacggugcgaccggaugacgguucacaacgaccgugcuuauuuuuaacuggUCGGUGGGACUUUCGUCCGUUUguaacgccauuug,NA,NA,MI0009140,https://www.mirbase.org//hairpin/MI0009140,NA,MIMAT0008597,https://www.mirbase.org/mature/MIMAT0008597,dgr-miR-278,58 - UCGGUGGGACUUUCGUCCGUUU - 79,not_experimental,NA,NA,NA,NA,NA,https://www.mirbase.org/paper/18761,NA
dgr-mir-314,Drosophila grimshawi,Drosophila grimshawi dgr-mir-314 precursor miRNA,scaffold_15110: 9705239-9705314 [-],76,Not enough data,NA,NA,NA,ucguaacuuguguggcuucgaauguaccuggcuaaggaaaguuggauuuccuaggUAUUCGAGCCAAUAAGUUCGG,NA,NA,MI0009141,https://www.mirbase.org//hairpin/MI0009141,NA,MIMAT0008598,https://www.mirbase.org/mature/MIMAT0008598,dgr-miR-314,56 - UAUUCGAGCCAAUAAGUUCGG - 76,not_experimental,NA,NA,NA,NA,NA,https://www.mirbase.org/paper/18761,NA
dgr-mir-309-2,Drosophila grimshawi,Drosophila grimshawi dgr-mir-309-2 precursor miRNA,scaffold_5621: 2525-2600 [+],76,Not enough data,NA,NA,NA,auuauauggcaaaccuuguucaguuuugacaacuuuguuucugugcaucaUCACUGGGUGAAGUUUGUCGUAuaau,NA,NA,MI0009142,https://www.mirbase.org//hairpin/MI0009142,NA,MIMAT0008577,https://www.mirbase.org/mature/MIMAT0008577,dgr-miR-309,51 - UCACUGGGUGAAGUUUGUCGUA - 72,not_experimental,NA,NA,NA,NA,NA,https://www.mirbase.org/paper/18761,NA
dgr-mir-279,Drosophila grimshawi,Drosophila grimshawi dgr-mir-279 precursor miRNA,scaffold_14624: 3249750-3249840 [+],91,Not enough data,NA,NA,NA,guauuacuguuuuuagugggugaggguccaguguuucacauuguuuauuuguauuugUGACUAGAUCCACACUCAUUAAaaacgguaguuc,NA,NA,MI0009143,https://www.mirbase.org//hairpin/MI0009143,NA,MIMAT0008599,https://www.mirbase.org/mature/MIMAT0008599,dgr-miR-279,58 - UGACUAGAUCCACACUCAUUAA - 79,not_experimental,NA,NA,NA,NA,NA,https://www.mirbase.org/paper/18761,NA
dgr-mir-287-2,Drosophila grimshawi,Drosophila grimshawi dgr-mir-287-2 precursor miRNA,scaffold_8166: 254-326 [+],73,Not enough data,NA,NA,NA,ugcauaaugcuugaaauuuugcacacauuuacaauauuuguaaaUGUGUUGAAAAUCGUUUGCACaacuguga,NA,NA,MI0009144,https://www.mirbase.org//hairpin/MI0009144,NA,MIMAT0008563,https://www.mirbase.org/mature/MIMAT0008563,dgr-miR-287,45 - UGUGUUGAAAAUCGUUUGCAC - 65,not_experimental,NA,NA,NA,NA,NA,https://www.mirbase.org/paper/18761,NA
dgr-mir-288,Drosophila grimshawi,Drosophila grimshawi dgr-mir-288 precursor miRNA,scaffold_15126: 6391674-6391769 [-],96,Not enough data,NA,NA,NA,ggccgugucguaauuagcugugcagaacguagcuggcgauaauuaaugacguuggucacguuggUUUCAUGUCGAUUUCAUUUCAUGacacggccg,NA,NA,MI0009145,https://www.mirbase.org//hairpin/MI0009145,NA,MIMAT0008600,https://www.mirbase.org/mature/MIMAT0008600,dgr-miR-288,65 - UUUCAUGUCGAUUUCAUUUCAUG - 87,not_experimental,NA,NA,NA,NA,NA,https://www.mirbase.org/paper/18761,NA
dgr-mir-10,Drosophila grimshawi,Drosophila grimshawi dgr-mir-10 precursor miRNA,scaffold_14906: 11443563-11443639 [+],77,Not enough data,NA,NA,NA,ccacgucuACCCUGUAGAUCCGAAUUUGUuguacacuagcuuuaaggacaaauucgguucuagagagguuugugugg,NA,NA,MI0009146,https://www.mirbase.org//hairpin/MI0009146,NA,MIMAT0008601,https://www.mirbase.org/mature/MIMAT0008601,dgr-miR-10,9 - ACCCUGUAGAUCCGAAUUUGU - 29,not_experimental,NA,NA,NA,NA,NA,https://www.mirbase.org/paper/18761,NA
dgr-mir-14,Drosophila grimshawi,Drosophila grimshawi dgr-mir-14 precursor miRNA,scaffold_15245: 15401681-15401743 [-],63,Not enough data,NA,NA,NA,ugugggagcgagacggggacucacugugcuuuuuauauagUCAGUCUUUUUCUCUCUCCUAua,NA,NA,MI0009147,https://www.mirbase.org//hairpin/MI0009147,NA,MIMAT0008602,https://www.mirbase.org/mature/MIMAT0008602,dgr-miR-14,41 - UCAGUCUUUUUCUCUCUCCUA - 61,not_experimental,NA,NA,NA,NA,NA,https://www.mirbase.org/paper/18761,NA
dgr-mir-6-5,Drosophila grimshawi,Drosophila grimshawi dgr-mir-6-5 precursor miRNA,scaffold_5621: 3535-3613 [+],79,Not enough data,NA,NA,NA,uaaccacagggaacugcugcugcugauauacaaccauauuuauacacgacuaUAUCACAGUGGCUGUUCUUUUUgguug,NA,NA,MI0009148,https://www.mirbase.org//hairpin/MI0009148,NA,MIMAT0008569,https://www.mirbase.org/mature/MIMAT0008569,dgr-miR-6,53 - UAUCACAGUGGCUGUUCUUUUU - 74,not_experimental,NA,NA,NA,NA,NA,https://www.mirbase.org/paper/18761,NA
dgr-mir-33,Drosophila grimshawi,Drosophila grimshawi dgr-mir-33 precursor miRNA,scaffold_15110: 18214472-18214563 [-],92,Not enough data,NA,NA,NA,aggagcugucacgaAGGUGCAUUGUAGUCGCAUUGucuguccaaaaauugcaugcggcaauacaacugcagugcaagcuccgugcaguucac,NA,NA,MI0009149,https://www.mirbase.org//hairpin/MI0009149,NA,MIMAT0008603,https://www.mirbase.org/mature/MIMAT0008603,dgr-miR-33,15 - AGGUGCAUUGUAGUCGCAUUG - 35,not_experimental,NA,NA,NA,NA,NA,https://www.mirbase.org/paper/18761,NA
dgr-mir-315,Drosophila grimshawi,Drosophila grimshawi dgr-mir-315 precursor miRNA,scaffold_15110: 24135499-24135580 [-],82,Not enough data,NA,NA,NA,cgcucauauaaUUUUGAUUGUUGCUCAGAAAGCcuuucacuugacacuuggcuuucgaguaauaaucgaaaccaaauaagcg,NA,NA,MI0009150,https://www.mirbase.org//hairpin/MI0009150,NA,MIMAT0008604,https://www.mirbase.org/mature/MIMAT0008604,dgr-miR-315,12 - UUUUGAUUGUUGCUCAGAAAGC - 33,not_experimental,NA,NA,NA,NA,NA,https://www.mirbase.org/paper/18761,NA
dgr-mir-13b-1,Drosophila grimshawi,Drosophila grimshawi dgr-mir-13b-1 precursor miRNA,scaffold_14906: 4357504-4357571 [-],68,Not enough data,NA,NA,NA,ccaugucguuaaaaugcuugugaccuuauguauuuuauaucaUAUCACAGCCAUUUUGACGAGUuugg,NA,NA,MI0009151,https://www.mirbase.org//hairpin/MI0009151,NA,MIMAT0008605,https://www.mirbase.org/mature/MIMAT0008605,dgr-miR-13b,43 - UAUCACAGCCAUUUUGACGAGU - 64,not_experimental,NA,NA,NA,NA,NA,https://www.mirbase.org/paper/18761,NA
dgr-mir-9c,Drosophila grimshawi,Drosophila grimshawi dgr-mir-9c precursor miRNA,scaffold_14978: 830214-830302 [+],89,Not enough data,NA,NA,NA,auuuuugcuguuUCUUUGGUAUUCUAGCUGUAGAuuguuucuauaucuuguaucaucuaaagcuuuuauaccaaagcuccagcuuaaau,NA,NA,MI0009152,https://www.mirbase.org//hairpin/MI0009152,NA,MIMAT0008606,https://www.mirbase.org/mature/MIMAT0008606,dgr-miR-9c,13 - UCUUUGGUAUUCUAGCUGUAGA - 34,not_experimental,NA,NA,NA,NA,NA,https://www.mirbase.org/paper/18761,NA
dgr-mir-2a-1,Drosophila grimshawi,Drosophila grimshawi dgr-mir-2a-1 precursor miRNA,scaffold_15126: 521655-521733 [+],79,Not enough data,NA,NA,NA,gcugcgcucucaaagugguugugaaaugcauuuuugaaagcuuugcgcgcaUAUCACAGCCAGCUUUGAUGAGCuuagc,NA,NA,MI0009153,https://www.mirbase.org//hairpin/MI0009153,NA,MIMAT0008607,https://www.mirbase.org/mature/MIMAT0008607,dgr-miR-2a,52 - UAUCACAGCCAGCUUUGAUGAGC - 74,not_experimental,NA,NA,NA,NA,NA,https://www.mirbase.org/paper/18761,NA
dgr-mir-87,Drosophila grimshawi,Drosophila grimshawi dgr-mir-87 precursor miRNA,scaffold_15252: 3661321-3661412 [-],92,Not enough data,NA,NA,NA,cauauuucauucgcgccuguaucuugcugaaccguuaccauugugacauccaaauccggUUGAGCAAAAUUUCAGGUGUGugagaaauuugu,NA,NA,MI0009154,https://www.mirbase.org//hairpin/MI0009154,NA,MIMAT0008608,https://www.mirbase.org/mature/MIMAT0008608,dgr-miR-87,60 - UUGAGCAAAAUUUCAGGUGUG - 80,not_experimental,NA,NA,NA,NA,NA,https://www.mirbase.org/paper/18761,NA
dgr-mir-1,Drosophila grimshawi,Drosophila grimshawi dgr-mir-1 precursor miRNA,scaffold_15126: 6250416-6250502 [+],87,Not enough data,NA,NA,NA,gccuuugagaguuccaugcuuccuugcauucaauaguauauaaauaagcauaUGGAAUGUAAAGAAGUAUGGAGcgaaaucuggcga,NA,NA,MI0009155,https://www.mirbase.org//hairpin/MI0009155,NA,MIMAT0008609,https://www.mirbase.org/mature/MIMAT0008609,dgr-miR-1,53 - UGGAAUGUAAAGAAGUAUGGAG - 74,not_experimental,NA,NA,NA,NA,NA,https://www.mirbase.org/paper/18761,NA
dgr-mir-125-1,Drosophila grimshawi,Drosophila grimshawi dgr-mir-125-1 precursor miRNA,scaffold_15252: 6428923-6429032 [+],110,Not enough data,NA,NA,NA,gacaugugcaaauguuuguauggcugauUCCCUGAGACCCUAACUUGUGAcuuuuaauaccaguuucacaaguuuugaucuccgguauuggacgcaaacuugcugauguu,NA,NA,MI0009156,https://www.mirbase.org//hairpin/MI0009156,NA,MIMAT0008610,https://www.mirbase.org/mature/MIMAT0008610,dgr-miR-125,29 - UCCCUGAGACCCUAACUUGUGA - 50,not_experimental,NA,NA,NA,NA,NA,https://www.mirbase.org/paper/18761,NA
dgr-mir-284,Drosophila grimshawi,Drosophila grimshawi dgr-mir-284 precursor miRNA,scaffold_14906: 1700714-1700811 [+],98,Not enough data,NA,NA,NA,guugcaguuccuggaauuaaguugacuguguagccuguaagaggaaggcuugugcacugcuuaCAAAGUCAGCAACUUGAUUCCAGCAAUUGcggcuc,NA,NA,MI0009157,https://www.mirbase.org//hairpin/MI0009157,NA,MIMAT0008611,https://www.mirbase.org/mature/MIMAT0008611,dgr-miR-284,64 - CAAAGUCAGCAACUUGAUUCCAGCAAUUG - 92,not_experimental,NA,NA,NA,NA,NA,https://www.mirbase.org/paper/18761,NA
dgr-mir-6-3,Drosophila grimshawi,Drosophila grimshawi dgr-mir-6-3 precursor miRNA,scaffold_15112: 2107923-2107996 [-],74,Not enough data,NA,NA,NA,aaggaagagaacgcucgcugcugauguaguucaugauucaaauauuuuaUAUCACAGUGGCUGUUCUUUUUugu,NA,NA,MI0009158,https://www.mirbase.org//hairpin/MI0009158,NA,MIMAT0008569,https://www.mirbase.org/mature/MIMAT0008569,dgr-miR-6,50 - UAUCACAGUGGCUGUUCUUUUU - 71,not_experimental,NA,NA,NA,NA,NA,https://www.mirbase.org/paper/18761,NA
dgr-mir-4-1,Drosophila grimshawi,Drosophila grimshawi dgr-mir-4-1 precursor miRNA,scaffold_15112: 2108672-2108752 [-],81,Not enough data,NA,NA,NA,uugcaauuaguuucuuuggucguccagccuuaggugauuucucugaucAUAAAGCUAGACAACCAUUGAaguucguugugg,NA,NA,MI0009159,https://www.mirbase.org//hairpin/MI0009159,NA,MIMAT0008594,https://www.mirbase.org/mature/MIMAT0008594,dgr-miR-4,49 - AUAAAGCUAGACAACCAUUGA - 69,not_experimental,NA,NA,NA,NA,NA,https://www.mirbase.org/paper/18761,NA
dgr-mir-31b,Drosophila grimshawi,Drosophila grimshawi dgr-mir-31b precursor miRNA,scaffold_15203: 6378294-6378419 [-],126,Not enough data,NA,NA,NA,caaauaaugaauuUGGCAAGAUGUCGGAAUAGCUGacagcacaagaucacaaaucaagaaacuuuauuuuguguauuuuuauugaguacagcggcuaugccucaucuagucaauugcauucauuug,NA,NA,MI0009160,https://www.mirbase.org//hairpin/MI0009160,NA,MIMAT0008612,https://www.mirbase.org/mature/MIMAT0008612,dgr-miR-31b,14 - UGGCAAGAUGUCGGAAUAGCUG - 35,not_experimental,NA,NA,NA,NA,NA,https://www.mirbase.org/paper/18761,NA
dgr-mir-210,Drosophila grimshawi,Drosophila grimshawi dgr-mir-210 precursor miRNA,scaffold_15203: 8453544-8453629 [+],86,Not enough data,NA,NA,NA,ggagcuuauuggagcugcuggccacugcacaagauuagauucaaaagacucUUGUGCGUGUGACAGCGGCUAuuguaagagaccag,NA,NA,MI0009161,https://www.mirbase.org//hairpin/MI0009161,NA,MIMAT0008613,https://www.mirbase.org/mature/MIMAT0008613,dgr-miR-210,52 - UUGUGCGUGUGACAGCGGCUA - 72,not_experimental,NA,NA,NA,NA,NA,https://www.mirbase.org/paper/18761,NA
dgr-mir-125-2,Drosophila grimshawi,Drosophila grimshawi dgr-mir-125-2 precursor miRNA,scaffold_3792: 474-583 [+],110,Not enough data,NA,NA,NA,gacaugugcaaauguuuguauggcugauUCCCUGAGACCCUAACUUGUGAcuuuuaauaccaguuucacaaguuuugaucuccgguauuggacgcaaacuugcugauguu,NA,NA,MI0009162,https://www.mirbase.org//hairpin/MI0009162,NA,MIMAT0008610,https://www.mirbase.org/mature/MIMAT0008610,dgr-miR-125,29 - UCCCUGAGACCCUAACUUGUGA - 50,not_experimental,NA,NA,NA,NA,NA,https://www.mirbase.org/paper/18761,NA
dgr-mir-282,Drosophila grimshawi,Drosophila grimshawi dgr-mir-282 precursor miRNA,scaffold_15110: 607074-607167 [+],94,Not enough data,NA,NA,NA,uuccuuauaAAUCUAGCCUCUACUAGGCUUUGUCUGUgcacuuuuucaauucaaucagacauagccuaugagagguuagguguacaaauggauc,NA,NA,MI0009163,https://www.mirbase.org//hairpin/MI0009163,NA,MIMAT0008614,https://www.mirbase.org/mature/MIMAT0008614,dgr-miR-282,10 - AAUCUAGCCUCUACUAGGCUUUGUCUGU - 37,not_experimental,NA,NA,NA,NA,NA,https://www.mirbase.org/paper/18761,NA
dgr-mir-124,Drosophila grimshawi,Drosophila grimshawi dgr-mir-124 precursor miRNA,scaffold_15252: 13906828-13906924 [+],97,Not enough data,NA,NA,NA,ucguuugguacguuuuucuccugguauccacuguaggccucuauguuuuuugaccaUAAGGCACGCGGUGAAUGCCAAGagcgaacgaaacucuaca,NA,NA,MI0009164,https://www.mirbase.org//hairpin/MI0009164,NA,MIMAT0008615,https://www.mirbase.org/mature/MIMAT0008615,dgr-miR-124,57 - UAAGGCACGCGGUGAAUGCCAAG - 79,not_experimental,NA,NA,NA,NA,NA,https://www.mirbase.org/paper/18761,NA
dgr-mir-2a-2,Drosophila grimshawi,Drosophila grimshawi dgr-mir-2a-2 precursor miRNA,scaffold_15126: 521957-522028 [+],72,Not enough data,NA,NA,NA,aucuaagccucaucaagugguugugauauggauacccgacgcaUAUCACAGCCAGCUUUGAUGAGCuaggau,NA,NA,MI0009165,https://www.mirbase.org//hairpin/MI0009165,NA,MIMAT0008607,https://www.mirbase.org/mature/MIMAT0008607,dgr-miR-2a,44 - UAUCACAGCCAGCUUUGAUGAGC - 66,not_experimental,NA,NA,NA,NA,NA,https://www.mirbase.org/paper/18761,NA
dgr-mir-13b-2,Drosophila grimshawi,Drosophila grimshawi dgr-mir-13b-2 precursor miRNA,scaffold_15203: 307020-307092 [+],73,Not enough data,NA,NA,NA,uuggcgcgucaaauugacugugagcuauguuguugcaguuguaauucaUAUCACAGCCAUUUUGACGAGUuug,NA,NA,MI0009166,https://www.mirbase.org//hairpin/MI0009166,NA,MIMAT0008605,https://www.mirbase.org/mature/MIMAT0008605,dgr-miR-13b,49 - UAUCACAGCCAUUUUGACGAGU - 70,not_experimental,NA,NA,NA,NA,NA,https://www.mirbase.org/paper/18761,NA
dgr-mir-280,Drosophila grimshawi,Drosophila grimshawi dgr-mir-280 precursor miRNA,scaffold_15245: 2520703-2520774 [+],72,Not enough data,NA,NA,NA,uuuaUGUAUUUACGUUGCAUAUGAAAUGAUAuuuauaguaaacagauuauuuuauaugcagguauacaugca,NA,NA,MI0009167,https://www.mirbase.org//hairpin/MI0009167,NA,MIMAT0008616,https://www.mirbase.org/mature/MIMAT0008616,dgr-miR-280,5 - UGUAUUUACGUUGCAUAUGAAAUGAUA - 31,not_experimental,NA,NA,NA,NA,NA,https://www.mirbase.org/paper/18761,NA
dgr-mir-13a,Drosophila grimshawi,Drosophila grimshawi dgr-mir-13a precursor miRNA,scaffold_14906: 4357687-4357760 [-],74,Not enough data,NA,NA,NA,ugcguaacucuucaagggguugugaaauguggguauuaucaagucaUAUCACAGCCAUUUUGAUGAGUuucgug,NA,NA,MI0009168,https://www.mirbase.org//hairpin/MI0009168,NA,MIMAT0008617,https://www.mirbase.org/mature/MIMAT0008617,dgr-miR-13a,47 - UAUCACAGCCAUUUUGAUGAGU - 68,not_experimental,NA,NA,NA,NA,NA,https://www.mirbase.org/paper/18761,NA
dgr-mir-283,Drosophila grimshawi,Drosophila grimshawi dgr-mir-283 precursor miRNA,scaffold_14853: 6953521-6953614 [-],94,Not enough data,NA,NA,NA,ccgauucucaaaggUAAAUAUCAGCUGGUAAUUCUgggagcaaugccaaauaugaaacacucggaauuucaguugguaucgacuuuuuugaauu,NA,NA,MI0009169,https://www.mirbase.org//hairpin/MI0009169,NA,MIMAT0008618,https://www.mirbase.org/mature/MIMAT0008618,dgr-miR-283,15 - UAAAUAUCAGCUGGUAAUUCU - 35,not_experimental,NA,NA,NA,NA,NA,https://www.mirbase.org/paper/18761,NA
dgr-mir-34,Drosophila grimshawi,Drosophila grimshawi dgr-mir-34 precursor miRNA,scaffold_14624: 2267449-2267535 [+],87,Not enough data,NA,NA,NA,uggcuaugcgcuuUGGCAGUGUGGUUAGCUGGUUGuguggccaacugacaaaucacagccacuaucuucacugccgccgcgacaagc,NA,NA,MI0009170,https://www.mirbase.org//hairpin/MI0009170,NA,MIMAT0008619,https://www.mirbase.org/mature/MIMAT0008619,dgr-miR-34,14 - UGGCAGUGUGGUUAGCUGGUUG - 35,not_experimental,NA,NA,NA,NA,NA,https://www.mirbase.org/paper/18761,NA
dgr-mir-133,Drosophila grimshawi,Drosophila grimshawi dgr-mir-133 precursor miRNA,scaffold_15126: 6389871-6389959 [+],89,Not enough data,NA,NA,NA,uacaacgcuguauguagcugguugacaucgggucagaucuauuuauucgaguauUUGGUCCCCUUCAACCAGCUGUagcagugguugau,NA,NA,MI0009171,https://www.mirbase.org//hairpin/MI0009171,NA,MIMAT0008620,https://www.mirbase.org/mature/MIMAT0008620,dgr-miR-133,55 - UUGGUCCCCUUCAACCAGCUGU - 76,not_experimental,NA,NA,NA,NA,NA,https://www.mirbase.org/paper/18761,NA
dgr-mir-263a,Drosophila grimshawi,Drosophila grimshawi dgr-mir-263a precursor miRNA,scaffold_15126: 6621370-6621458 [-],89,Not enough data,NA,NA,NA,aucucggcacaGUUAAUGGCACUGGAAGAAUUCACgggguuauuuuaacacgcccgugaucucuuaguggcaucuauggugcgggauau,NA,NA,MI0009172,https://www.mirbase.org//hairpin/MI0009172,NA,MIMAT0008621,https://www.mirbase.org/mature/MIMAT0008621,dgr-miR-263a,12 - GUUAAUGGCACUGGAAGAAUUCAC - 35,not_experimental,NA,NA,NA,NA,NA,https://www.mirbase.org/paper/18761,NA
dgr-mir-7,Drosophila grimshawi,Drosophila grimshawi dgr-mir-7 precursor miRNA,scaffold_15245: 15782218-15782303 [+],86,Not enough data,NA,NA,NA,aaugcauuccguaUGGAAGACUAGUGAUUUUGUUGUuuggucuuuguuaauaacaauaaaucccuugucuccuaacggcgcgcauu,NA,NA,MI0009173,https://www.mirbase.org//hairpin/MI0009173,NA,MIMAT0008622,https://www.mirbase.org/mature/MIMAT0008622,dgr-miR-7,14 - UGGAAGACUAGUGAUUUUGUUGU - 36,not_experimental,NA,NA,NA,NA,NA,https://www.mirbase.org/paper/18761,NA
dgr-mir-274,Drosophila grimshawi,Drosophila grimshawi dgr-mir-274 precursor miRNA,scaffold_15110: 13805621-13805702 [-],82,Not enough data,NA,NA,NA,ucgGUUUGUGACCGACACUAACGGGUAGUuaaagggcauccucgcauucugcuggcuuacucguuuuugcgaucacaaauuc,NA,NA,MI0009174,https://www.mirbase.org//hairpin/MI0009174,NA,MIMAT0008623,https://www.mirbase.org/mature/MIMAT0008623,dgr-miR-274,4 - GUUUGUGACCGACACUAACGGGUAGU - 29,not_experimental,NA,NA,NA,NA,NA,https://www.mirbase.org/paper/18761,NA
dgr-mir-5-2,Drosophila grimshawi,Drosophila grimshawi dgr-mir-5-2 precursor miRNA,scaffold_5621: 3132-3204 [+],73,Not enough data,NA,NA,NA,gcuaAAAGGAACGAUCGUUGUGAUAUGcguucauuaaaucguuacauaucacagugauuuuccuuuauagcgc,NA,NA,MI0009175,https://www.mirbase.org//hairpin/MI0009175,NA,MIMAT0008570,https://www.mirbase.org/mature/MIMAT0008570,dgr-miR-5,5 - AAAGGAACGAUCGUUGUGAUAUG - 27,not_experimental,NA,NA,NA,NA,NA,https://www.mirbase.org/paper/18761,NA
dgr-let-7-2,Drosophila grimshawi,Drosophila grimshawi dgr-let-7-2 precursor miRNA,scaffold_15252: 6428596-6428673 [+],78,Not enough data,NA,NA,NA,ucuggcaaauUGAGGUAGUAGGUUGUAUAGUaguaucuaucuaccauacuauacagcuugcuagcuuucuuugcuuga,NA,NA,MI0009176,https://www.mirbase.org//hairpin/MI0009176,NA,MIMAT0008596,https://www.mirbase.org/mature/MIMAT0008596,dgr-let-7,11 - UGAGGUAGUAGGUUGUAUAGU - 31,not_experimental,NA,NA,NA,NA,NA,https://www.mirbase.org/paper/18761,NA
dgr-mir-281-2,Drosophila grimshawi,Drosophila grimshawi dgr-mir-281-2 precursor miRNA,scaffold_15245: 18178390-18178482 [+],93,Not enough data,NA,NA,NA,cgaauagcgaaaugAAGAGAGCUAUCCGUCGACAGUcaaguuauauaccgauuguaauacUGUCAUGGAAUUGCUCUCUUUGUauaauauucg,NA,NA,MI0009177,https://www.mirbase.org//hairpin/MI0009177,NA,MIMAT0008588,https://www.mirbase.org/mature/MIMAT0008588,dgr-miR-281-3p,61 - UGUCAUGGAAUUGCUCUCUUUGU - 83,not_experimental,MIMAT0009184,https://www.mirbase.org/mature/MIMAT0009184,dgr-miR-281-2-5p,15 - AAGAGAGCUAUCCGUCGACAGU - 36,not_experimental,https://www.mirbase.org/paper/18761,NA
dgr-mir-92b,Drosophila grimshawi,Drosophila grimshawi dgr-mir-92b precursor miRNA,scaffold_14906: 3026549-3026639 [+],91,Not enough data,NA,NA,NA,aacgucaccugauguaggucgugccuggugcuuauuuguuguuaugugaaaauacaAAUUGCACUAGUCCCGGCCUGCagugagugucgca,NA,NA,MI0009178,https://www.mirbase.org//hairpin/MI0009178,NA,MIMAT0008624,https://www.mirbase.org/mature/MIMAT0008624,dgr-miR-92b,57 - AAUUGCACUAGUCCCGGCCUGC - 78,not_experimental,NA,NA,NA,NA,NA,https://www.mirbase.org/paper/18761,NA
dgr-mir-275,Drosophila grimshawi,Drosophila grimshawi dgr-mir-275 precursor miRNA,scaffold_15126: 5008401-5008492 [+],92,Not enough data,NA,NA,NA,gucguuuaccgcgcgcgcuaaucagugaccggggcugguuuugauuaucccacagUCAGGUACCUGAAGUAGCGCGCGugguggccagacgc,NA,NA,MI0009179,https://www.mirbase.org//hairpin/MI0009179,NA,MIMAT0008625,https://www.mirbase.org/mature/MIMAT0008625,dgr-miR-275,56 - UCAGGUACCUGAAGUAGCGCGCG - 78,not_experimental,NA,NA,NA,NA,NA,https://www.mirbase.org/paper/18761,NA
dgr-mir-2c,Drosophila grimshawi,Drosophila grimshawi dgr-mir-2c precursor miRNA,scaffold_14906: 4357884-4357979 [-],96,Not enough data,NA,NA,NA,caugucuuacuuucaaugucaucaaaaagggcugagaaugauauaucugcaauugaaucgUAUCACAGCCAGCUUUGAUGGGCauugcaaagggca,NA,NA,MI0009180,https://www.mirbase.org//hairpin/MI0009180,NA,MIMAT0008626,https://www.mirbase.org/mature/MIMAT0008626,dgr-miR-2c,61 - UAUCACAGCCAGCUUUGAUGGGC - 83,not_experimental,NA,NA,NA,NA,NA,https://www.mirbase.org/paper/18761,NA
