,mirna_name,pre_seq,mat_seq,species,sex,exp_female,exp_male,stage,exp_egg,exp_embryo,exp_larva,exp_pupa,exp_adult,location,exp_midgut,exp_salivary_gland,exp_blood_meal,blood_meal_location,pbm_time_h,log2fc_blood_meal,infection,exp_DENV,DENV_location,cell_line_denv,DENV_serotype,exp_CHIKV,cell_line_chikv,CHIKV_location,exp_ZIKA,ZIKA_location,exp_wolbachia,cell_line_wolbachia,wolbachia_location,pred_target,target_function,efect_path,citation_exp,doi_exp
0,miR-184,,UGGACGGAGAACUGAUAAGGGC,Aedes albopictus,,,,,,,,,,,,,down-regulated,midgut,,,,,,,,,,,,,,,,,,,"Su et al., 2017",10.1186/s13071-017-1966-2
1,miR-184,,UGGACGGAGAACUGAUAAGGGC,Aedes albopictus,,,,,,,,,,,,,,,,,chik,,,,,up-regulated,,saliva,,,,,,,,,"Maharaj et al., 2015",10.1371/journal.pntd.0003386
2,miR-184,,UGGACGGAGAACUGAUAAGGGC,Aedes albopictus,,,,,,,,,,,,,,,,,chik,,,,,up-regulated,c6/36,cells,,,,,,,,,"Dubey et al., 2017",10.1038/s41598-017-18043-0
3,miR-184,,UGGACGGAGAACUGAUAAGGGC,Aedes albopictus,,,,,,,,,,,,,,,,,denv,up-regulated,,,2.0,,,,,,,,,,,,"Liu et al., 2015",10.1186/s13578-015-0009-y
4,miR-184,,UGGACGGAGAACUGAUAAGGGC,Aedes albopictus,,,,,,,,,,,,,,,,,denv,down-regulated,midgut,,2.0,,,,,,,,,,,,"Su et al., 2017",10.1186/s13071-017-1966-2
5,miR-275-3p,,UCAGGUACCUGAAGUAGCGCG,Aedes albopictus,,,,,,,,,,,,,down-regulated,midgut,,,,,,,,,,,,,,,,,,,,
6,miR-275-3p,,UCAGGUACCUGAAGUAGCGCG,Aedes albopictus,,,,,,,,,,,,,,,,,chikv,,,,,up-regulated,singh,cells,,,,,,,,,"Shrinet et al., 2014",10.1371/journal.pntd.0002616
7,miR-275-3p,,UCAGGUACCUGAAGUAGCGCG,Aedes albopictus,,,,,,,,,,,,,,,,,chikv,,,,,up-regulated,,saliva,,,,,,,,,"Maharaj et al., 2015",10.1371/journal.pntd.0003386
8,miR-275-3p,,UCAGGUACCUGAAGUAGCGCG,Aedes albopictus,,,,,,,,,,,,,,,,,denv,down-regulated,,,,,,,,,,,,,,,"Liu et al., 2015",10.1186/s13578-015-0009-y
9,miR-275-3p,,UCAGGUACCUGAAGUAGCGCG,Aedes albopictus,,,,,,,,,,,,,,,,,denv,down-regulated,cells,c7/10,,,,,,,,,,,,,"Su et al., 2017",10.1186/s13071-017-1966-2
10,miR-275-3p,,UCAGGUACCUGAAGUAGCGCG,Aedes albopictus,,,,,,,,,,,,,,,,,denv,down-regulated,midgut,,,,,,,,,,,,,,"Su et al., 2017",10.1186/s13071-017-1966-2
11,miR-275-5p,,CGCGCUAAGCAGGAACCGAGACU,Aedes albopictus,,,,,,,,,,,,,,,,,chikv,,,,,,,,,,,,,,,,"Shrinet et al., 2014",10.1371/journal.pntd.0002616
12,miR-317-3p,,UGAACACAGCUGGUGGUAUCUCA(G),Aedes albopictus,,,,,,,,,,,,,down-regulated,midgut,,,,,,,,up-regulated,singh,cells,,,,,,,,,,
13,miR-317-3p,,UGAACACAGCUGGUGGUAUCUCA(G),Aedes albopictus,,,,,,,,,,,,,,,,,chikv,,,,,down-regulated,,saliva,,,,,,,,,"Maharaj et al., 2015",10.1371/journal.pntd.0003386
14,miR-317-3p,,UGAACACAGCUGGUGGUAUCUCA(G),Aedes albopictus,,,,,,,,,,,,,,,,,denv,down-regulated,,,2.0,,,,,,,,,,,,"Liu et al., 2015",10.1186/s13578-015-0009-y
15,miR-317-3p,,UGAACACAGCUGGUGGUAUCUCA(G),Aedes albopictus,,,,,,,,,,,,,,,,,denv,down-regulated,midgut,,2.0,,,,,,,,,,,,"Su et al., 2017",10.1186/s13071-017-1966-2
16,miR-8-3p,,UAAUACUGUCAGGUAAAGAUGUC,Aedes albopictus,,,,,,,,,,,,,down-regulated,,,,,,,,,,,,,,,,,,,,,
17,miR-8-3p,,UAAUACUGUCAGGUAAAGAUGUC,Aedes albopictus,,,,,,,,,,,,,,,,,chikv,,,,,up-regulated,,saliva,,,,,,,,,"Maharaj et al., 2015",10.1371/journal.pntd.0003386
18,miR-8-3p,,UAAUACUGUCAGGUAAAGAUGUC,Aedes albopictus,,,,,,,,,,,,,,,,,chikv,,,,,down-regulated,singh,cells,,,,,,,,,"Shrinet et al., 2014",10.1371/journal.pntd.0002616
19,miR-8-3p,,UAAUACUGUCAGGUAAAGAUGUC,Aedes albopictus,,,,,,,,,,,,,,,,,denv,down-regulated,,,2.0,,,,,,,,,,,,"Liu et al., 2015",10.1186/s13578-015-0009-y
20,miR-8-3p,,UAAUACUGUCAGGUAAAGAUGUC,Aedes albopictus,,,,,,,,,,,,,,,,,denv,down-regulated,cells,c7/10,2.0,,,,,,,,,,,,"Su et al., 2017",10.1186/s13071-017-1966-2
21,miR-8-3p,,UAAUACUGUCAGGUAAAGAUGUC,Aedes albopictus,,,,,,,,,,,,,,,,,denv,down-regulated,midgut,,2.0,,,,,,,,,,,,"Su et al., 2017",10.1186/s13071-017-1966-2
22,miR-1174-3p,,UGACGUCAUGCUCGAUUGGCUC,Aedes albopictus,,,,,,,,,,,,,down-regulated,midgut,,,,,,,,,,,,,,,,,,,,
23,miR-1175-5p,,AAGUGGAGUAGUGGUCUCAUCG,Aedes albopictus,,,,,,,,,,,,,down-regulated,midgut,,,,,,,,,,,,,,,,,,,"Su et al., 2017",10.1186/s13071-017-1966-2
24,miR-1175-5p,,AAGUGGAGUAGUGGUCUCAUCG,Aedes albopictus,,,,,,,,,,,,,,,,,denv,up-regulated,midgut,,2.0,,,,,,,,,,,,"Su et al., 2017",10.1186/s13071-017-1966-2
25,miR-1175-3p,,AAGUGGAGUAGUGGUCUCAUCG,Aedes albopictus,,,,,,,,,,,,,down-regulated,midgut,,,,,,,,,,,,,,,,,,,,
26,miR-1175-3p,,AAGUGGAGUAGUGGUCUCAUCG,Aedes albopictus,,,,,,,,,,,,,,,,,chikv,,,,,down-regulated,singh,cells,,,,,,,,,"Shrinet et al., 2014",10.1371/journal.pntd.0002616
27,miR-1175-3p,,AAGUGGAGUAGUGGUCUCAUCG,Aedes albopictus,,,,,,,,,,,,,,,,,denv,up-regulated,midgut,,2.0,,,,,,,,,,,,"Su et al., 2017",10.1186/s13071-017-1966-2
28,miR-12-5p,,UGAGUAUUACAUCAGGUACUGGU,Aedes albopictus,,,,,,,,,,,,,down-regulated,midgut,,,,,,,,,,,,,,,,,,,,
29,miR-12-5p,,UGAGUAUUACAUCAGGUACUGGU,Aedes albopictus,,,,,,,,,,,,,,,,,chikv,,,,,down-regulated,singh,cells,,,,,,,,,"Shrinet et al., 2014",10.1371/journal.pntd.0002616
30,miR-12-5p,,UGAGUAUUACAUCAGGUACUGGU,Aedes albopictus,,,,,,,,,,,,,,,,,denv,down-regulated,midgut,,2.0,,,,,,,,,,,,"Su et al., 2017",10.1186/s13071-017-1966-2
31,miR-1767,,AGACAGGAGAACAGCAAGGU,Aedes albopictus,,,,,,,,,,,,,up-regulated,midgut,,,,,,,,,,,,,,,,,,"Enhancing DENV-2 replication (Su et al., 2019)",,
32,mR-1767,,AGACAGGAGAACAGCAAGGU,Aedes albopictus,,,,,,,,,,,,,,,,,denv,up-regulated,,midgut,2.0,,,,,,,,,,,,"Su et al., 2017",10.1186/s13071-017-1966-2
33,mR-1767,,AGACAGGAGAACAGCAAGGU,Aedes albopictus,,,,,,,,,,,,,,,,,denv,up-regulated,,midgut,2.0,,,,,,,,,,,,"Su et al., 2019",10.1186/s13071-018-3261-2
34,miR-193-5p,,UGGGCUUGCGGGCGACUUG,Aedes albopictus,,,,,,,,,,,,,up-regulated,midgut,,,,,,,,,,,,,,,,,,,,
35,miR-193-5p,,UGGGCUUGCGGGCGACUUG,Aedes albopictus,,,,,,,,,,,,,,,,,denv,up-regulated,,,2.0,,,,,,,,,,,,"Su et al., 2019",10.1186/s13071-018-3261-2
36,miR-193-3p,,UGGGCUUGCGGGCGACUUG,Aedes albopictus,,,,,,,,,,,,,,,,,chikv,,,,,down-regulated,singh,cells,,,,,,,,,"Shrinet et al., 2014",10.1371/journal.pntd.0002616
37,miR-1951,,GAUAGUAAGACUGCUGUGGCUA,Aedes albopictus,,,,,,,,,,,,,up-regulated,midgut,48.0,,,,,,,,,,,,,,,,,,"Su et al., 2019",10.1186/s13071-018-3261-2
38,miR-1951,,GAUAGUAAGACUGCUGUGGCUA,Aedes albopictus,,,,,,,,,,,,,,,,,denv,up-regulated,midgut,,2.0,,,,,,,,,,,,"Su et al., 2019",10.1186/s13071-018-3261-2
39,miR-281-5p,,AAGAGAGCUAUCCGUCGACAGU,Aedes albopictus,,,,,,,,,,,,,down-regulated,midgut,,,,,,,,,,,,,,,,5’-UTR SLA structure of DENV-2 (nt37–nt55),"Enhancing DENV-2 replication (Zhou et al., 2014)","Enhancing DENV-2 replication (Zhou et al., 2014)",,
40,miR-281-5p,,AAGAGAGCUAUCCGUCGACAGU,Aedes albopictus,,,,,,,,,,,,,,,,,chikv,,,,,up-regulated,,saliva,,,,,,5’-UTR SLA structure of DENV-2 (nt37–nt55),"Enhancing DENV-2 replication (Zhou et al., 2014)","Enhancing DENV-2 replication (Zhou et al., 2014)","Maharaj et al., 2015",10.1371/journal.pntd.0003386
41,miR-281-5p,,AAGAGAGCUAUCCGUCGACAGU,Aedes albopictus,,,,,,,,,,,,,,,,,denv,down-regulated,,,2.0,,,,,,,,,5’-UTR SLA structure of DENV-2 (nt37–nt55),"Enhancing DENV-2 replication (Zhou et al., 2014)","Enhancing DENV-2 replication (Zhou et al., 2014)","Liu et al., 2015",10.1186/s13578-015-0009-y
42,miR-281-5p,,AAGAGAGCUAUCCGUCGACAGU,Aedes albopictus,,,,,,,,,,,,,,,,,denv,down-regulated,,,2.0,,,,,,,,,5’-UTR SLA structure of DENV-2 (nt37–nt55),"Enhancing DENV-2 replication (Zhou et al., 2014)","Enhancing DENV-2 replication (Zhou et al., 2014)","Su et al., 2017",10.1186/s13071-017-1966-2
43,miR-283-5p,,AAUAUCAGCUGGUAAUUCUG,Aedes albopictus,,,,larva,,,up-regulated,,,,,,down-regulated,midgut,,,,,,,,,,,,,,,,,,,,
44,miR-283-5p,,AAUAUCAGCUGGUAAUUCUG,Aedes albopictus,,,,,,,,,,,,,,,,,chikv,,,,,up-regulated,,midgut,,,,,,,,,"Maharaj et al., 2015",10.1371/journal.pntd.0003386
45,miR-283-5p,,AAUAUCAGCUGGUAAUUCUG,Aedes albopictus,,,,,,,,,,,,,,,,,chikv,,,,,up-regulated,singh,cells,,,,,,,,,"Shrinet et al., 2014",10.1371/journal.pntd.0002616
46,miR-283,,UAGCACCAUUCGAAAUCAGUAC,Aedes albopictus,female,up-regulated,,adult,,,,,up-regulated,,,,,,,,,,,,,,,,,,,,,,,,"Feng et al., 2018",10.1371/journal.pntd.0006463
47,miR-2942,,UAUUCGAGACUUCACGAGUUAAU,Aedes albopictus,,,,larva,,,up-regulated,,,,,,,,,,,,,,,,,,,,,,,,,,,
48,miR-2951-5p,,AAGAGCUCAGCACGCAGGGGCGA,Aedes albopictus,,,,,,,,,,,,,up-regulated,midgut,,,,,,,,,,,,,,,,,,,,
49,miR-34-5p,,UGGCAGUGUGGUUAGCUGGUU,Aedes albopictus,,,,,,,,,,,,,down-regulated,midgut,,,,,,,,,,,,,,,,Activation of type I interferon signaling,,"inhibits multiple flaviviruses (Smith et al., 2017)",,
50,miR-34-5p,,UGGCAGUGUGGUUAGCUGGUU,Aedes albopictus,,,,,,,,,,,,,,,,,chikv,,,,,down-regulated,,saliva,,,,,,Activation of type I interferon signaling,,"inhibits multiple flaviviruses (Smith et al., 2017)","Maharaj et al., 2015",10.1371/journal.pntd.0003386
51,miR-34-5p,,UGGCAGUGUGGUUAGCUGGUU,Aedes albopictus,,,,,,,,,,,,,,,,,denv,up-regulated,midgut,,2.0,,,,,,,,,Activation of type I interferon signaling,,"inhibits multiple flaviviruses (Smith et al., 2017)","Su et al., 2017",10.1186/s13071-017-1966-2
52,miR-34-5p,,UGGCAGUGUGGUUAGCUGGUU,Aedes albopictus,,,,,,,,,,,,,,,,,denv,up-regulated,,,2.0,,,,,,,,,Activation of type I interferon signaling,,"inhibits multiple flaviviruses (Smith et al., 2017)","Su et al., 2019",10.1186/s13071-018-3261-2
53,miR-375,,UUUGUUCGUUCGGCUCGCGUGA,Aedes albopictus,,,,,,,,,,,,,up-regulated,midgut,,,,,,,,,,,,,,,,,,,,
54,miR-375,,UUUGUUCGUUCGGCUCGCGUGA,Aedes albopictus,,,,,,,,,,,,,,,,,chikv,,,,,down-regulated,singh,cells,,,,,,,,,"Shrinet et al., 2014",10.1371/journal.pntd.0002616
55,miR-375,,UUUGUUCGUUCGGCUCGCGUGA,Aedes albopictus,,,,,,,,,,,,,,,,,denv,down-regulated,midgut,,2.0,,,,,,,,,,,,"Su et al., 2017",10.1186/s13071-017-1966-2
56,miR-3809-3p,,GUAGGUCAGUUGGUUGGA,Aedes albopictus,,,,,,,,,,,,,up-regulated,midgut,,,,,,,,,,,,,,,,,,,,
57,miR-3809-5p,,UCAGAACUUGCACGGCUGA,Aedes albopictus,,,,,,,,,,,,,up-regulated,midgut,,,,,,,,,,,,,,,,,,,,
58,miR-424-3p,,CAAGAAGAUGAGGCCUGCUAU,Aedes albopictus,,,,,,,,,,,,,up-regulated,midgut,,,,,,,,,,,,,,,,,,,,
59,miR-424-3p,,CAAGAAGAUGAGGCCUGCUAU,Aedes albopictus,,,,,,,,,,,,,,,,,denv,up-regulated,midgut,,2.0,,,,,,,,,,,,"Su et al., 2019",10.1186/s13071-018-3261-2
60,miR-4448,,GGCUCGUUGGUCUAGGGGU,Aedes albopictus,,,,,,,,,,,,,up-regulated,midgut,,,,,,,,,,,,,,,,,,"Inhibiting DENV-2 infection (Su et al., 2019)",,
61,miR-4448,,GGCUCGUUGGUCUAGGGGU,Aedes albopictus,,,,,,,,,,,,,,,,,denv,down-regulated,midgut,,2.0,,,,,,,,,,,"Inhibiting DENV-2 infection (Su et al., 2019)","Su et al., 2017",10.1186/s13071-017-1966-2
62,miR-4448,,GGCUCGUUGGUCUAGGGGU,Aedes albopictus,,,,,,,,,,,,,,,,,denv,down-regulated,midgut,,2.0,,,,,,,,,,,"Inhibiting DENV-2 infection (Su et al., 2019)","Su et al., 2019",10.1186/s13071-018-3261-2
63,miR-4728-5p,,UGGGAGGGCAGAGGGGCAGCA,Aedes albopictus,,,,,,,,,,,,,up-regulated,midgut,,,,,,,,,,,,,,,,,,"Enhancing DENV infections (Su et al., 2017)",,
64,miR-4728-5p,,UGGGAGGGCAGAGGGGCAGCA,Aedes albopictus,,,,,,,,,,,,,,,,,denv,up-regulated,midgut,,2.0,,,,,,,,,,,"Enhancing DENV infections (Su et al., 2017)","Su et al., 2017",10.1186/s13071-017-1966-2
65,miR-622,,AGAGUUCACUGGGUUGGAGGC,Aedes albopictus,,,,,,,,,,,,,up-regulated,midgut,,,,,,,,,,,,,,,,,,,,
66,miR-71-3p,,UCUCACUACCUUGUCUUUCAUG,Aedes albopictus,,,,,,,,,,,,,down-regulated,midgut,,,,,,,,,,,,,,,,,,,,
67,miR-71-3p,,UCUCACUACCUUGUCUUUCAUG,Aedes albopictus,,,,,,,,,,,,,,,,,chikv,,,,,down-regulated,c6/36,cells,,,,,,,,,"Shrinet et al., 2014",10.1371/journal.pntd.0002616
68,miR-71-3p,,UCUCACUACCUUGUCUUUCAUG,Aedes albopictus,,,,,,,,,,,,,,,,,chikv,,,,,down-regulated,,saliva,,,,,,,,,"Maharaj et al., 2015",10.1371/journal.pntd.0003386
69,miR-71-3p,,UCUCACUACCUUGUCUUUCAUG,Aedes albopictus,,,,,,,,,,,,,,,,,denv,down-regulated,midgut,,2.0,,,,,,,,,,,,"Su et al., 2017",10.1186/s13071-017-1966-2
70,miR-956-3p,,UUUCGAGACCACUGCAAAUCAUU,Aedes albopictus,,,,,,,,,,,,,down-regulated,,,,,,,,,,,,,,,,,,,,,
71,miR-956-3p,,UUUCGAGACCACUGCAAAUCAUU,Aedes albopictus,,,,,,,,,,,,,,,,,denv,down-regulated,midgut,,2.0,,,,,,,,,,,,"Su et al., 2017",10.1186/s13071-017-1966-2
72,miR-976-5p,,CUCUAUGCAGUGCGCGCGGCU,Aedes albopictus,,,,,,,,,,,,,up-regulated,,,,denv,up-regulated,midgut,,2.0,,,,,,,,,,,,"Su et al., 2019",10.1186/s13071-018-3261-2
73,miR-989,,UGUGAUGUGACGUAGUGGUAC,Aedes albopictus,,,,,,,,,,,,,down-regulated,,,,,,,,,,,,,,,,,,,,,
74,miR-989,,UGUGAUGUGACGUAGUGGUAC,Aedes albopictus,,,,,,,,,,,,,,,,,denv,up-regulated,midgut,,2.0,,,,,,,,,,,,"Su et al., 2019",10.1186/s13071-018-3261-2
75,miR-989,,UGUGAUGUGACGUAGUGGUAC,Aedes albopictus,,,,,,,,,,,,,,,,,denv,down-regulated,midgut,,2.0,,,,,,,,,,,,"Liu et al., 2016",10.1111/1744-7917.12339
76,miR-989,,UGUGAUGUGACGUAGUGGUAC,Aedes albopictus,,,,,,,,,,,,,,,,,denv,down-regulated,,,2.0,,,,,,,,,,,,"Su et al., 2017",10.1186/s13071-017-1966-2
77,miR-989,,UGUGAUGUGACGUAGUGGUAC,Aedes albopictus,female,up-regulated,,adult,,,,,up-regulated,,,,,,,,,,,,,,,,,,,,,,,,"Feng et al., 2018",10.1371/journal.pntd.0006463
78,miR-998,,UAGCACCAUGAGAUUCAGC,Aedes albopictus,,,,,,,,,,,,,down-regulated,,,,,,,,,,,,,,,,,,,,,
79,miR-998,,UAGCACCAUGAGAUUCAGC,Aedes albopictus,,,,,,,,,,,,,,,,,chikv,,,,,up-regulated,singh,cells,,,,,,,,,"Shrinet et al., 2014",10.1371/journal.pntd.0002616
80,miR-998,,UAGCACCAUGAGAUUCAGC,Aedes albopictus,,,,,,,,,,,,,,,,,denv,up-regulated,midgut,,2.0,,,,,,,,,,,,"Su et al., 2017",10.1186/s13071-017-1966-2
81,let-7b-5p,,UGAGGUAGUAGGUUGUGUGGUU,Aedes albopictus,,,,pupa,,,,up-regulated,,,,,,,,,,,,,,,,,,,,,,,,,,
82,let-7b-5p,,UGAGGUAGUAGGUUGUGUGGUU,Aedes albopictus,,,,,,,,,,,,,down-regulated,,,,,,,,,,,,,,,,,,,,,
83,let-7b-5p,,UGAGGUAGUAGGUUGUGUGGUU,Aedes albopictus,,,,,,,,,,,,,,,,,chikv,,,,,down-regulated,singh,cells,,,,,,,,,"Shrinet et al., 2014",10.1371/journal.pntd.0002616
84,let-7b-5p,,UGAGGUAGUAGGUUGUGUGGUU,Aedes albopictus,,,,,,,,,,,,,,,,,chikv,,,,,down-regulated,,saliva,,,,,,,,,"Maharaj et al., 2015",10.1371/journal.pntd.0003386
85,let-7b-5p,,UGAGGUAGUAGGUUGUGUGGUU,Aedes albopictus,,,,,,,,,,,,,,,,,denv,up-regulated,cells,singh,2.0,,,,,,,,,,,,"Yan et al., 2014",10.1002/jmv.23815
86,let-7b-5p,,UGAGGUAGUAGGUUGUGUGGUU,Aedes albopictus,,,,,,,,,,,,,,,,,denv,up-regulated,cells,c6/36,2.0,,,,,,,,,,,,"Yan et al., 2014",10.1002/jmv.23815
87,let-7b-5p,,UGAGGUAGUAGGUUGUGUGGUU,Aedes albopictus,,,,,,,,,,,,,,,,,denv,down-regulated,,,2.0,,,,,,,,,,,,"Liu et al., 2015",10.1186/s13578-015-0009-y
88,let-7,,UGAGGUAGUUGGUUGUAUAGU,Aedes albopictus,male,,up-regulated,adult,,,,up-regulated,,,,,,,,,,,,,,,,,,,,,,,,,"Feng et al., 2018",10.1371/journal.pntd.0006463
89,let-7,,UGAGGUAGUUGGUUGUAUAGU,Aedes albopictus,female,up-regulated,,adult,,,,up-regulated,,,,,,,,,,,,,,,,,,,,,,,,,"Feng et al., 2018",10.1371/journal.pntd.0006463
90,miR-1-3p,,UGGAAUGUAAAGAAGUAUGGAG,Aedes albopictus,,,,,,,,,,,,,,,,,chikv,,,,,down-regulated,singh,cells,,,,,,,,,,
91,miR-1-3p,,UGGAAUGUAAAGAAGUAUGGAG,Aedes albopictus,,,,,,,,,,,,,,,,,denv,down-regulated,midgut,,2.0,,,,,,,,,,,,,
92,miR-1-3p,,UGGAAUGUAAAGAAGUAUGGAG,Aedes albopictus,,,,,,,,,,,,,,,,,denv,down-regulated,,,,,,,,,,,,,,,,
93,miR-10-5p,,ACCCUGUAGAUCCGAAUUUGUU,Aedes albopictus,,,,,,,,,,,,,,,,,chikv,,,,,up-regulated,,saliva,,,,,,,,,,
94,miR-10-5p,,ACCCUGUAGAUCCGAAUUUGUU,Aedes albopictus,,,,,,,,,,,,,,,,,denv,down-regulated,cells,c6/36,2.0,,,,,,,,,,,,,
95,miR-100-5p,,AACCCGUAGAUCCGAACUUGUG,Aedes albopictus,,,,,,,,,,,,,,,,,chikv,,,,,up-regulated,singh,cells,,,,,,,,,"Shrinet et al., 2014",10.1371/journal.pntd.0002616
96,miR-100-5p,,AACCCGUAGAUCCGAACUUGUG,Aedes albopictus,,,,,,,,,,,,,,,,,chikv,,,,,up-regulated,,saliva,,,,,,,,,"Maharaj et al., 2015",10.1371/journal.pntd.0003386
97,miR-100-5p,,AACCCGUAGAUCCGAACUUGUG,Aedes albopictus,,,,,,,,,,,,,,,,,denv,up-regulated,,,,,,,,,,,,,,,"Yan et al., 2014",10.1002/jmv.23815
98,miR-11-3p,,CAUCACAGUCUGAGUUCUUGC,Aedes albopictus,,,,,,,,,,,,,,,,,chikv,,,,,up-regulated,singh,cells,,,,,,,,,"Shrinet et al., 2014",10.1371/journal.pntd.0002616
99,miR-11-5p,,CAAGAACUCCGGCUGUGACCUGUG,Aedes albopictus,,,,,,,,,,,,,,,,,chikv,,,,,up-regulated,singh,cells,,,,,,,,,"Shrinet et al., 2014",10.1371/journal.pntd.0002616
100,miR-1174-3p,,UGACGUCAUGCUCGAUUGGCUC,Aedes albopictus,,,,,,,,,,,,,,,,,denv,down-regulated,midgut,,2.0,,,,,,,,,,,,"Su et al., 2017",10.1186/s13071-017-1966-2
101,miR-124,,UAAGGCACGCGGUGAAUGCCAA,Aedes albopictus,,,,,,,,,,,,,,,,,denv,down-regulated,cells,C6/36,2.0,,,,,,,,,,,,"Avila-Bonilla et al., 2017",10.1016/j.virusres.2017.03.005
102,miR-125-5p,,UCCCUGAGACCCUAACUUGUGA,Aedes albopictus,,,,,,,,,,,,,,,,,chikv,,,,,up-regulated,singh,cells,,,,,,,,,"Shrinet et al., 2014",10.1371/journal.pntd.0002616
103,miR-125-5p,,UCCCUGAGACCCUAACUUGUGA,Aedes albopictus,,,,,,,,,,,,,,,,,chikv,,,,,up-regulated,,saliva,,,,,,,,,"Maharaj et al., 2015",10.1371/journal.pntd.0003386
104,miR-125-3p,,ACAAGUUUUGAUCUCCGGUAU,Aedes albopictus,,,,,,,,,,,,,,,,,chikv,,,,,up-regulated,singh,cells,,,,,,,,,"Shrinet et al., 2014",10.1371/journal.pntd.0002616
105,miR-127,,GUAGCCAGAGGAAGAGAAA,Aedes albopictus,,,,,,,,,,,,,,,,,chikv,,,,,up-regulated,,saliva,,,,,,,,,"Maharaj et al., 2015",10.1371/journal.pntd.0003386
106,miR-13-3p,,UAUCACAGCCAUUUUGACGAGUU,Aedes albopictus,,,,,,,,,,,,,,,,,chikv,,,,,down-regulated,c6/36,cells,,,,,,,,,"Shrinet et al., 2014",10.1371/journal.pntd.0002616
107,miR-13-3p,,UAUCACAGCCAUUUUGACGAGUU,Aedes albopictus,,,,,,,,,,,,,,,,,chikv,,,,,down-regulated,,saliva,,,,,,,,,"Maharaj et al., 2015",10.1371/journal.pntd.0003386
108,miR-13-5p,,UCGUAAAAAUGGUUGUGCUGU,Aedes albopictus,,,,,,,,,,,,,,,,,chikv,,,,,down-regulated,singh,cells,,,,,,,,,"Shrinet et al., 2014",10.1371/journal.pntd.0002616
109,miR-133-3p,,UUGGUCCCCUUCAACCAGCUGU,Aedes albopictus,,,,,,,,,,,,,,,,,chikv,,,,,up-regulated,,saliva,,,,,,,,,"Maharaj et al., 2015",10.1371/journal.pntd.0003386
110,miR-133-3p,,UUGGUCCCCUUCAACCAGCUGU,Aedes albopictus,,,,,,,,,,,,,,,,,chikv,,,,,down-regulated,singh,cells,,,,,,,,,"Shrinet et al., 2014",10.1371/journal.pntd.0002616
111,miR-137-3p,,UAUUGCUUGAGAAUACACGUAG,Aedes albopictus,,,,,,,,,,,,,,,,,chikv,,,,,up-regulated,,saliva,,,,,,,,,"Maharaj et al., 2015",10.1371/journal.pntd.0003386
112,miR-137-3p,,UAUUGCUUGAGAAUACACGUAG,Aedes albopictus,,,,,,,,,,,,,,,,,chikv,,,,,down-regulated,singh,cells,,,,,,,,,"Shrinet et al., 2014",10.1371/journal.pntd.0002616
113,miR-14,,UCAGUCUUUUUCUCUCUCCUA,Aedes albopictus,,,,,,,,,,,,,,,,,chikv,,,,,up-regulated,,saliva,,,,,,,,,"Maharaj et al., 2015",10.1371/journal.pntd.0003386
114,miR-14,,UCAGUCUUUUUCUCUCUCCUA,Aedes albopictus,,,,,,,,,,,,,,,,,chikv,,,,,down-regulated,singh,cells,,,,,,,,,"Shrinet et al., 2014",10.1371/journal.pntd.0002616
115,miR-143,,ACCCCUGAAGGAGUUUUCGGAG,Aedes albopictus,,,,,,,,,,,,,,,,,chikv,,,,,up-regulated,,saliva,,,,,,,,,"Maharaj et al., 2015",10.1371/journal.pntd.0003386
116,miR-157,,UGUGGCGUAGUUGGUAAC,Aedes albopictus,,,,,,,,,,,,,,,,,chikv,,,,,up-regulated,,saliva,,,,,,,,,"Maharaj et al., 2015",10.1371/journal.pntd.0003386
117,miR-1889-3p,,CACGUUACAGAUUGGGGUUUCC,Aedes albopictus,,,,,,,,,,,,,,,,,denv,up-regulated,,,2.0,,,,,,,,,,,,"Yan et al., 2014",10.1002/jmv.23815
118,miR-1889-3p,,CACGUUACAGAUUGGGGUUUCC,Aedes albopictus,,,,,,,,,,,,,,,,,denv,up-regulated,cells,c6/36,2.0,,,,,,,,,,,,"Yan et al., 2014",10.1002/jmv.23815
119,miR-1889-3p,,CACGUUACAGAUUGGGGUUUCC,Aedes albopictus,,,,,,,,,,,,,,,,,denv,down-regulated,,,2.0,,,,,,,,,,,,"Liu et al., 2015",10.1186/s13578-015-0009-y
120,miR-1890,,UGAAAUCUUUGAUUAGGUCUGG,Aedes albopictus,,,,,,,,,,,,,,,,,chikv,,,,,down-regulated,singh,cells,,,,,,,,,"Shrinet et al., 2014",10.1371/journal.pntd.0002616
121,miR-1891,,UGAGGAGUUAAUUUGCGUGUU,Aedes albopictus,,,,,,,,,,,,,,,,,chikv,,,,,up-regulated,,saliva,,,,,,,,,"Maharaj et al., 2015",10.1371/journal.pntd.0003386
122,miR-1891,,UGAGGAGUUAAUUUGCGUGUU,Aedes albopictus,,,,,,,,,,,,,,,,,chikv,,,,,down-regulated,singh,cells,,,,,,,,,"Shrinet et al., 2014",10.1371/journal.pntd.0002616
123,miR-1891,,UGAGGAGUUAAUUUGCGUGUU,Aedes albopictus,,,,,,,,,,,,,,,,,denv,up-regulated,midgut,,2.0,,,,,,,,,,,,"Su et al., 2017",10.1186/s13071-017-1966-2
124,miR-1891,,UGAGGAGUUAAUUUGCGUGUU,Aedes albopictus,,,,,,,,,,,,,,,,,denv,down-regulated,cells,c6/36,2.0,,,,,,,,,,,,"Yan et al., 2014",10.1002/jmv.23815
125,miR-1891,,UGAGGAGUUAAUUUGCGUGUU,Aedes albopictus,,,,,,,,,,,,,,,,,denv,down-regulated,,,2.0,,,,,,,,,,,,"Yan et al., 2014",10.1002/jmv.23815
126,miR-1891,,UGAGGAGUUAAUUUGCGUGUU,Aedes albopictus,female,up-regulated,,adult,,,,,up-regulated,,,,,,,,,,,,,,,,,,,,,,,,"Puthiyakunnon et al., 2013",10.1186/1756-3305-6-230
127,miR-190-5p,,AGAUAUGUUUGAUAUUCUUGGUUG,Aedes albopictus,,,,,,,,,,,,,,,,,chikv,,,,,down-regulated,singh,cells,,,,,,,,,"Shrinet et al., 2014",10.1371/journal.pntd.0002616
128,miR-190-5p,,AGAUAUGUUUGAUAUUCUUGGUUG,Aedes albopictus,,,,,,,,,,,,,,,,,denv,up-regulated,cells,c6/36,2.0,,,,,,,,,,,,"Avila-Bonilla et al., 2017",10.1016/j.virusres.2017.03.005
129,miR-210-3p,,UUGUGCGUGUGACAACGGCUAU,Aedes albopictus,,,,,,,,,,,,,,,,,chikv,,,,,down-regulated,,saliva,,,,,,,,,"Maharaj et al., 2015",10.1371/journal.pntd.0003386
130,miR-210-3p,,UUGUGCGUGUGACAACGGCUAU,Aedes albopictus,,,,,,,,,,,,,,,,,denv,up-regulated,cells,c6/36,2.0,,,,,,,,,,,,"Avila-Bonilla et al., 2017",10.1016/j.virusres.2017.03.005
131,miR-210-3p,,UUGUGCGUGUGACAACGGCUAU,Aedes albopictus,,,,,,,,,,,,,,,,,wolbachia,,,,,,,,,,down-regulated,c6/36,cell cytoplasm,,,,"Mayoral et al., 2014",10.1371/journal.pone.0096107
132,miR-210-5p,,AGCUGCUGACCACUGCACAAGA,Aedes albopictus,,,,,,,,,,,,,,,,,chikv,,,,,down-regulated,,saliva,,,,,,,,,"Shrinet et al., 2014",10.1371/journal.pntd.0002616
133,miR-214,,UUCCCGGACGAGCCCCCA,Aedes albopictus,,,,,,,,,,,,,,,,,chiv,,,,,down-regulated,,saliva,,,,,,,,,"Maharaj et al., 2015",10.1371/journal.pntd.0003386
134,miR-219,,UGAUUGUCCAAACGCAAUUCUUG,Aedes albopictus,,,,,,,,,,,,,,,,,chikv,,,,,down-regulated,singh,cells,,,,,,,,,"Shrinet et al., 2014",10.1371/journal.pntd.0002616
135,miR-2308,,GGUCGGUGGUUCGAAUCC,Aedes albopictus,,,,,,,,,,,,,,,,,chikv,,,,,up-regulated,,saliva,,,,,,,,,"Maharaj et al., 2015",10.1371/journal.pntd.0003386
136,miR-249,,UCAGUCUUUUUCUCUCUCCU,Aedes albopictus,,,,,,,,,,,,,,,,,chikv,,,,,up-regulated,,saliva,,,,,,,,,"Maharaj et al., 2015",10.1371/journal.pntd.0003386
137,miR-252-5p,,CUAAGUACUAGUGCCGCAGGA,Aedes albopictus,,,,,,,,,,,,,,,,,chikv,,,,,down-regulated,,saliva,,,,,,DENV E protein gene,Regulates gene expression of DENV-2 E protein,"Inhibiting DENV replication (Yan et al., 2014)","Maharaj et al., 2015",10.1371/journal.pntd.0003386
138,miR-252-5p,,CUAAGUACUAGUGCCGCAGGA,Aedes albopictus,,,,,,,,,,,,,,,,,denv,up-regulated,cells,c6/36,2.0,,,,,,,,,DENV E protein gene,Regulates gene expression of DENV-2 E protein,"Inhibiting DENV replication (Yan et al., 2014)","Yan et al., 2014",10.1002/jmv.23815
139,miR-252-5p,,CUAAGUACUAGUGCCGCAGGA,Aedes albopictus,,,,,,,,,,,,,,,,,denv,down-regulated,cells,c6/36,2.0,,,,,,,,,DENV E protein gene,Regulates gene expression of DENV-2 E protein,"Inhibiting DENV replication (Yan et al., 2014)","Avila-Bonilla et al., 2017",10.1016/j.virusres.2017.03.005
140,miR-252-3p,,CUAAGUACUAGUGCCGCAGGA,Aedes albopictus,,,,,,,,,,,,,,,,,denv,down-regulated,cells,singh,2.0,,,,,,,,,DENV E protein gene,Regulates gene expression of DENV-2 E protein,"Inhibiting DENV replication (Yan et al., 2014)","Shrinet et al., 2014",10.1371/journal.pntd.0002616
141,miR-263a-3p,,CUAAGUACUAGUGCCGCAGGAG,Aedes albopictus,,,,,,,,,,,,,,,,,denv,down-regulated,cells,c6/36,2.0,,,,,,,,,,,,"Avila-Bonilla et al., 2017",10.1016/j.virusres.2017.03.005
142,miR-276-3p,,UAGGAACUUCAUACCGUGCUCU,Aedes albopictus,,,,,,,,,,,,,,,,,chikv,,,,,up-regulated,,saliva,,,,,,,,,"Maharaj et al., 2015",10.1371/journal.pntd.0003386
143,miR-276-3p,,UAGGAACUUCAUACCGUGCUCU,Aedes albopictus,,,,,,,,,,,,,,,,,denv,up-regulated,midgut,,2.0,,,,,,,,,,,,"Su et al., 2017",10.1186/s13071-017-1966-2
144,miR-276-3p,,UAGGAACUUCAUACCGUGCUCU,Aedes albopictus,,,,,,,,,,,,,,,,,denv,down-regulated,,,2.0,,,,,,,,,,,,"Liu et al., 2015",10.1186/s13578-015-0009-y
145,miR-276-5p,,AGCGAGGUAUAGAGUUCCUACG,Aedes albopictus,,,,,,,,,,,,,,,,,denv,up-regulated,,,2.0,,,,,,,,,,"Enhancing DENV-2 infection (Su et al., 2019)","Enhancing DENV-2 infection (Su et al., 2019)","Liu et al., 2015",10.1186/s13578-015-0009-y
146,miR-276-5p,,AGCGAGGUAUAGAGUUCCUACG,Aedes albopictus,,,,,,,,,,,,,,,,,denv,up-regulated,midgut,,2.0,,,,,,,,,,"Enhancing DENV-2 infection (Su et al., 2019)","Enhancing DENV-2 infection (Su et al., 2019)","Su et al., 2019",10.1186/s13071-018-3261-2
147,miR-276-5p,,AGCGAGGUAUAGAGUUCCUACG,Aedes albopictus,,,,,,,,,,,,,,,,,denv,down-regulated,midgut,,2.0,,,,,,,,,,"Enhancing DENV-2 infection (Su et al., 2019)","Enhancing DENV-2 infection (Su et al., 2019)","Su et al., 2017",10.1186/s13071-017-1966-2
148,miR-2765,,UGGUAACUCCACCACCGUUGGC,Aedes albopictus,,,,,,,,,,,,,,,,,chikv,,,,,down-regulated,singh,cells,,,,,,,,,"Shrinet et al., 2014",10.1371/journal.pntd.0002616
149,miR-277-3p,,UAAAUGCACUAUCUGGUACGAC,Aedes albopictus,,,,,,,,,,,,,,,,,chikv,,,,,up-regulated,singh,cells,,,,,,,,,"Shrinet et al., 2014",10.1371/journal.pntd.0002616
150,miR-277-3p,,UAAAUGCACUAUCUGGUACGAC,Aedes albopictus,,,,,,,,,,,,,,,,,chikv,,,,,up-regulated,,saliva,,,,,,,,,"Maharaj et al., 2015",10.1371/journal.pntd.0003386
151,miR-277-3p,,UAAAUGCACUAUCUGGUACGAC,Aedes albopictus,,,,,,,,,,,,,,,,,denv,down-regulated,,,2.0,,,,,,,,,,,,"Liu et al., 2015",10.1186/s13578-015-0009-y
152,miR-278-3p,,UCGGUGGGACUUUCGUCCGUU,Aedes albopictus,,,,,,,,,,,,,,,,,chikv,,,,,down-regulated,singh,cells,,,,,,,,,"Shrinet et al., 2014",10.1371/journal.pntd.0002616
153,miR-278-5p,,UCGGUGGGACUUUCGUCCGUU,Aedes albopictus,,,,,,,,,,,,,,,,,chikv,,,,,up-regulated,singh,cells,,,,,,,,,"Shrinet et al., 2014",10.1371/journal.pntd.0002616
154,miR-279,,UGACUAGAUCCACACUCAUU,Aedes albopictus,,,,,,,,,,,,,,,,,chikv,,,,,down-regulated,singh,cells,,,,,,,,,"Shrinet et al., 2014",10.1371/journal.pntd.0002616
155,miR-279,,UGACUAGAUCCACACUCAUU,Aedes albopictus,,,,,,,,,,,,,,,,,chikv,,,,,down-regulated,,saliva,,,,,,,,,"Maharaj et al., 2015",10.1371/journal.pntd.0003386
156,miR-2796,,GUAGGCCGGCGGAAACUACUUGC,Aedes albopictus,,,,,,,,,,,,,,,,,chikv,,,,,down-regulated,singh,cells,,,,,,,,,"Shrinet et al., 2014",10.1371/journal.pntd.0002616
157,miR-2796,,GUAGGCCGGCGGAAACUACUUGC,Aedes albopictus,,,,,,,,,,,,,,,,,denv,up-regulated,,,2.0,,,,,,,,,,,,"Liu et al., 2015",10.1186/s13578-015-0009-y
158,miR-28,,GUGGAGCAGUAUGGAAGC,Aedes albopictus,,,,,,,,,,,,,,,,,chikv,,,,,up-regulated,,saliva,,,,,,,,,"Maharaj et al., 2015",10.1371/journal.pntd.0003386
159,miR-281-3p,,UGUCAUGGAAUUGCUCUCUUUA,Aedes albopictus,,,,,,,,,,,,,,,,,denv,up-regulated,,,2.0,,,,,,,,,5’-UTR SLA structure of DENV-2 (nt37–nt55),"Enhancing DENV-2 replication (Zhou et al., 2014)","Enhancing DENV-2 replication (Zhou et al., 2014)","Zhou et al., 2014",10.1186/s13071-014-0488-4
160,miR-285,,UAGCACCAUUCGAAAUCAGUAC,Aedes albopictus,,,,,,,,,,,,,,,,,chikv,,,,,down-regulated,,saliva,,,,,,,,,"Maharaj et al., 2015",10.1371/journal.pntd.0003386
161,miR-286b,,UGACUAGACCGAACACUCGUAUCCC,Aedes albopictus,,,,,,,,,,,,,,,,,denv,down-regulated,,c6/36,2.0,,,,,,,,,,,,"Avila-Bonilla et al., 2017",10.1016/j.virusres.2017.03.005
162,miR-286a-3p,,UGACUAGACCGAACACUCGCGUCC,Aedes albopictus,,,,,,,,,,,,,,,,,denv,down-regulated,,c6/36,2.0,,,,,,,,,,,,"Avila-Bonilla et al., 2017",10.1016/j.virusres.2017.03.005
163,miR-2940-5p,,UGGUUUAUCUUAUCUGUCGAGGC,Aedes albopictus,,,,,,,,,,,,,,,,,chikv,,,,,down-regulated,singh,cells,,,,,,"AaDnmt 2, AaArgM3","Facilitating Wolbachia infection (Hussain et al., 2011; Zhang et al., 2014) and subsequent inhibition of DENV replication (Zhang et al., 2013)","Facilitating Wolbachia infection (Hussain et al., 2011; Zhang et al., 2014) and subsequent inhibition of DENV replication (Zhang et al., 2013)","Shrinet et al., 2014",10.1371/journal.pntd.0002616
164,miR-2940-5p,,UGGUUUAUCUUAUCUGUCGAGGC,Aedes albopictus,,,,,,,,,,,,,,,,,denv,down-regulated,,,2.0,,,,,,,,,"AaDnmt 2, AaArgM3","Facilitating Wolbachia infection (Hussain et al., 2011; Zhang et al., 2014) and subsequent inhibition of DENV replication (Zhang et al., 2013)","Facilitating Wolbachia infection (Hussain et al., 2011; Zhang et al., 2014) and subsequent inhibition of DENV replication (Zhang et al., 2013)","Liu et al., 2015",10.1186/s13578-015-0009-y
165,miR-2940-3p,,GUCGACAGGGAGAUAAAUCACU,Aedes albopictus,,,,,,,,,,,,,,,,,denv,down-regulated,,,2.0,,,,,,,,,,,,"Liu et al., 2015",10.1186/s13578-015-0009-y
166,miR-2941,,UAGUACGGCUAGAACUCCACGGA,Aedes albopictus,,,,,,,,,,,,,,,,,chikv,,,,,down-regulated,singh,cells,,,,,,,,,"Shrinet et al., 2014",10.1371/journal.pntd.0002616
167,miR-2941,,UAGUACGGCUAGAACUCCACGGA,Aedes albopictus,,,,,,,,,,,,,,,,,denv,up-regulated,,,2.0,,,,,,,,,,,,"Su et al., 2019",10.1186/s13071-018-3261-2
168,miR-2941,,UAGUACGGCUAGAACUCCACGGA,Aedes albopictus,,,,,,,,,,,,,,,,,denv,down-regulated,,,2.0,,,,,,,,,,,,"Liu et al., 2015",10.1186/s13578-015-0009-y
169,miR-2941,,UAGUACGGCUAGAACUCCACGGA,Aedes albopictus,,,,,,,,,,,,,,,,,denv,down-regulated,midgut,,2.0,,,,,,,,,,,,"Liu et al., 2016",10.1111/1744-7917.12339
170,miR-2943,,UUAAGUAGGCACUUGCAGGCAA,Aedes albopictus,,,,,,,,,,,,,,,,,denv,up-regulated,midgut,,2.0,,,,,,,,,,,,"Liu et al., 2016",10.1111/1744-7917.12339
171,miR-2945-3p,,UGACUAGAGGCAGACUCGUUU,Aedes albopictus,,,,,,,,,,,,,,,,,chikv,,,,,down-regulated,singh,cells,,,,,,,,,"Shrinet et al., 2014",10.1371/journal.pntd.0002616
172,miR-2945-3p,,UGACUAGAGGCAGACUCGUUU,Aedes albopictus,,,,,,,,,,,,,,,,,denv,up-regulated,cells,c6/36,,,,,,,,,,,,,"Yan et al.,  2014",10.1002/jmv.23815
173,miR-2945-3p,,UGACUAGAGGCAGACUCGUUU,Aedes albopictus,,,,,,,,,,,,,,,,,denv,up-regulated,,,,,,,,,,,,,,,"Liu et al., 2015",10.1186/s13578-015-0009-y
174,miR-2a-3p,,UAUCACAGCCAGCUUUGAAGA,Aedes albopictus,,,,,,,,,,,,,,,,,denv,up-regulated,cells,c6/36,,,,,,,,,,,,,"Avila-Bonilla et al., 2017",10.1016/j.virusres.2017.03.005
175,miR-305-5p,,AUUGUACUUCAUCAGGUGCUCUGG,Aedes albopictus,,,,,,,,,,,,,,,,,chikv,,,,,down-regulated,singh,cell,,,,,,,,,"Shrinet et al., 2014",10.1371/journal.pntd.0002616
176,miR-305-5p,,AUUGUACUUCAUCAGGUGCUCUGG,Aedes albopictus,,,,,,,,,,,,,,,,,chikv,,,,,down-regulated,,saliva,,,,,,,,,"Maharaj et al., 2015",10.1371/journal.pntd.0003386
177,miR-306-5p,,UCAGGUACUGAGUGACUCUCA,Aedes albopictus,,,,,,,,,,,,,,,,,chikv,,,,,down-regulated,singh,cell,,,,,,,,,"Shrinet et al., 2014",10.1371/journal.pntd.0002616
178,miR-306-5p,,UCAGGUACUGAGUGACUCUCA,Aedes albopictus,,,,,,,,,,,,,,,,,denv,down-regulated,,,2.0,,,,,,,,,,,,"Liu et al., 2015",10.1186/s13578-015-0009-y
179,miR-308-5p,,CGCGGUAUAUUCUUGUGGCUUG,Aedes albopictus,,,,,,,,,,,,,,,,,chikv,,,,,up-regulated,c6/36,cell,,,,,,,,,"Shrinet et al., 2014",10.1371/journal.pntd.0002616
180,miR-309a,,UCACUGGGCAAAGUUUGUCGC,Aedes albopictus,,,,,,,,,,,,,,,,,chikv,,,,,up-regulated,,saliva,,,,,,,,,"Maharaj et al., 2015",10.1371/journal.pntd.0003386
181,miR-315,,UUUUGAUUGUUGCUCAGAAAGCC,Aedes albopictus,,,,,,,,,,,,,,,,,chikv,,,,,up-regulated,,saliva,,,,,,,,,"Maharaj et al., 2015",10.1371/journal.pntd.0003386
182,miR-317-5p,,GGGAUACACCCUGUGCUCGCU,Aedes albopictus,,,,,,,,,,,,,,,,,chikv,,,,,up-regulated,singh,cell,,,,,,,,,"Shrinet et al., 2014",10.1371/journal.pntd.0002616
183,miR-33-5p,,GUGCAUUGUAGUUGCAUUGCA,Aedes albopictus,,,,,,,,,,,,,,,,,chikv,,,,,down-regulated,singh,cell,,,,,,,,,"Shrinet et al., 2014",10.1371/journal.pntd.0002616
184,miR-33-5p,,GUGCAUUGUAGUUGCAUUGCA,Aedes albopictus,,,,,,,,,,,,,,,,,denv,up-regulated,,,2.0,,,,,,,,,,,,"Yan et al.,  2014",10.1002/jmv.23815
185,miR-4110-5p,,AACCAGAGAAUAGCAGUGUG,Aedes albopictus,,,,,,,,,,,,,,,,,denv,up-regulated,midgut,,2.0,,,,,,,,,,,,"Su et al., 2019",10.1186/s13071-018-3261-2
186,miR-5,,UAGGAACUUCAUACCGUGCUCU,Aedes albopictus,,,,,,,,,,,,,,,,,chikv,,,,,up-regulated,,saliva,,,,,,,,,"Maharaj et al., 2015",10.1371/journal.pntd.0003386
187,miR-5706,,UCUGGAUACAAUGCUGAACU,Aedes albopictus,,,,,,,,,,,,,,,,,denv,up-regulated,midgut,,2.0,,,,,,,,,,,,"Su et al., 2019",10.1186/s13071-018-3261-2
188,miR-62,,ACGUCAAAUCAUCAUGUC,Aedes albopictus,,,,,,,,,,,,,,,,,chikv,,,,,down-regulated,,saliva,,,,,,,,,"Maharaj et al., 2015",10.1371/journal.pntd.0003386
189,miR-622,,AGAGUUCACUGGGUUGGAGGC,Aedes albopictus,,,,,,,,,,,,,,,,,denv,up-regulated,midgut,,2.0,,,,,,,,,,,,"Su et al., 2017",10.1186/s13071-017-1966-2
190,miR-622,,AGAGUUCACUGGGUUGGAGGC,Aedes albopictus,,,,,,,,,,,,,,,,,denv,up-regulated,midgut,,2.0,,,,,,,,,,,,"Su et al., 2019",10.1186/s13071-018-3261-2
191,miR-7-5p,,UGGAAGACUAGUGAUUUUGUUGU,Aedes albopictus,,,,,,,,,,,,,,,,,chikv,,,,,down-regulated,c6/36,cell,,,,,,,,,"Shrinet et al., 2014",10.1371/journal.pntd.0002616
192,miR-778,,UUGGUCCCCUUCAACCAGCUGU,Aedes albopictus,,,,,,,,,,,,,,,,,chikv,,,,,up-regulated,,midgut,,,,,,,,,"Maharaj et al., 2015",10.1371/journal.pntd.0003386
193,miR-8-5p,,CAUCUUACCGGGCAGCAUUAGA,Aedes albopictus,,,,,,,,,,,,,,,,,chikv,,,,,up-regulated,singh,cell,,,,,,,,,"Shrinet et al., 2014",10.1371/journal.pntd.0002616
194,miR-8-5p,,CAUCUUACCGGGCAGCAUUAGA,Aedes albopictus,,,,,,,,,,,,,,,,,denv,,,,,down-regulated,,,,,,,,,,,"Liu et al., 2015",10.1186/s13578-015-0009-y
195,miR-87,,GUGAGCAAAUUUUCAGGUGUGU,Aedes albopictus,,,,,,,,,,,,,,,,,chikv,,,,,down-regulated,singh,cell,,,,,,,,,"Shrinet et al., 2014",10.1371/journal.pntd.0002616
196,miR-87,,GUGAGCAAAUUUUCAGGUGUGU,Aedes albopictus,,,,,,,,,,,,,,,,,denv,up-regulated,midgut,,2.0,,,,,,,,,,,,"Su et al., 2017",10.1186/s13071-017-1966-2
197,miR-87,,GUGAGCAAAUUUUCAGGUGUGU,Aedes albopictus,,,,,,,,,,,,,,,,,denv,up-regulated,cells,c6/36,2.0,,,,,,,,,,,,"Avila-Bonilla et al., 2017",10.1016/j.virusres.2017.03.005
198,miR-87,,GUGAGCAAAUUUUCAGGUGUGU,Aedes albopictus,,,,,,,,,,,,,,,,,denv,down-regulated,midgut,,2.0,,,,,,,,,,,,"Su et al., 2019",10.1186/s13071-018-3261-2
199,miR-927-5p,,UUUAGAAUUCCUACGCUUUACC,Aedes albopictus,,,,,,,,,,,,,,,,,chikv,,,,,up-regulated,singh,cell,,,,,,FLN filamin,,"Reguating antimicrobial peptides, promoting DENV infection","Shrinet et al., 2014",10.1371/journal.pntd.0002616
200,miR-927-5p,,UUUAGAAUUCCUACGCUUUACC,Aedes albopictus,,,,,,,,,,,,,,,,,chikv,,,,,up-regulated,,midgut,,,,,,FLN filamin,,"Reguating antimicrobial peptides, promoting DENV infection","Maharaj et al., 2015",10.1371/journal.pntd.0003386
201,miR-927-5p,,UUUAGAAUUCCUACGCUUUACC,Aedes albopictus,,,,,,,,,,,,,,,,,denv,down-regulated,,,2.0,,,,,,,,,FLN filamin,,"Reguating antimicrobial peptides, promoting DENV infection","Liu et al., 2015",10.1186/s13578-015-0009-y
202,miR-927-5p,,UUUAGAAUUCCUACGCUUUACC,Aedes albopictus,,,,,,,,,,,,,,,,,denv,up-regulated,cells,c6/36,2.0,,,,,,,,,FLN filamin,,"Reguating antimicrobial peptides, promoting DENV infection","Avila-Bonilla et al., 2017",10.1016/j.virusres.2017.03.005
203,miR-927-5p,,UUUAGAAUUCCUACGCUUUACC,Aedes albopictus,,,,,,,,,,,,,,,,,denv,up-regulated,cells,c6/36,2.0,,,,,,,,,FLN filamin,,"Reguating antimicrobial peptides, promoting DENV infection","Avila-Bonilla et al., 2020",10.1099/jgv.0.001441
204,miR-927-3p,,UAAGGCUUUGGAUUGCUAA,Aedes albopictus,,,,,,,,,,,,,,,,,denv,up-regulated,midgut,,2.0,,,,,,,,,,,,"Su et al., 2017",10.1186/s13071-017-1966-2
205,miR-92b-3p,,AAUUGCACUUGUCCCGGCCUG,Aedes albopictus,,,,,,,,,,,,,,,,,denv,down-regulated,cells,c6/36,2.0,,,,,,,,,,,,"Avila-Bonilla et al., 2017",10.1016/j.virusres.2017.03.005
206,miR-932-5p,,UCAAUUCCGUAGUGCAUUGCAG,Aedes albopictus,,,,,,,,,,,,,,,,,chikv,,,,,down-regulated,c6/36,cell,,,,,,,,,"Shrinet et al., 2014",10.1371/journal.pntd.0002616
207,miR-932-5p,,UCAAUUCCGUAGUGCAUUGCAG,Aedes albopictus,,,,,,,,,,,,,,,,,chikv,,,,,down-regulated,,saliva,,,,,,,,,"Maharaj et al., 2015",10.1371/journal.pntd.0003386
208,miR-957-3p,,NO HAY SECUENCIA,Aedes albopictus,,,,,,,,,,,,,,,,,chikv,,,,,up-regulated,,saliva,,,,,,,,,"Maharaj et al., 2015",10.1371/journal.pntd.0003386
209,miR-957-3p,,NO HAY SECUENCIA,Aedes albopictus,,,,,,,,,,,,,,,,,denv,down-regulated,,,2.0,,,,,,,,,,,,"Liu et al., 2015",10.1186/s13578-015-0009-y
210,miR-970-3p,,UCAUAAGACACACGCGGCUAU,Aedes albopictus,,,,,,,,,,,,,,,,,denv,up-regulated,cells,c6/36,2.0,,,,,,,,,,,,"Avila-Bonilla et al., 2017",10.1016/j.virusres.2017.03.005
211,miR-970-3p,,UCAUAAGACACACGCGGCUAU,Aedes albopictus,male,,up-regulated,adult,,,,,up-regulated,,,,,,,,,,,,,,,,,,,,,,,,"Feng et al., 2018",10.1371/journal.pntd.0006463
212,miR-980-3p,,UAGCUGCCUAGUGAAGGGCAAU,Aedes albopictus,,,,,,,,,,,,,,,,,chikv,,,,,down-regulated,singh,cell,,,,,,,,,"Shrinet et al., 2014",10.1371/journal.pntd.0002616
213,miR-980-5p,,GGGUUCGUGACUGGGGUAG,Aedes albopictus,,,,,,,,,,,,,,,,,chikv,,,,,up-regulated,singh,cell,,,,,,,,,"Shrinet et al., 2014",10.1371/journal.pntd.0002616
214,miR-988-5p,,GUGUGCUUUGUGACAAUGAGAU,Aedes albopictus,,,,,,,,,,,,,,,,,chikv,,,,,down-regulated,singh,cell,,,,,,,,,"Shrinet et al., 2014",10.1371/journal.pntd.0002616
215,miR-988-5p,,GUGUGCUUUGUGACAAUGAGAU,Aedes albopictus,,,,,,,,,,,,,,,,,denv,down-regulated,midgut,,2.0,,,,,,,,,,,,"Su et al., 2017",10.1186/s13071-017-1966-2
216,miR-988-3p,,GUGUGCUUUGUGACAAUGAGAU,Aedes albopictus,,,,,,,,,,,,,,,,,chikv,,,,,up-regulated,singh,cell,,,,,,,,,"Shrinet et al., 2014",10.1371/journal.pntd.0002616
217,miR-993-3p,,GAAGCUCGUCUCUACAGGUAU,Aedes albopictus,,,,,,,,,,,,,,,,,denv,up-regulated,midgut,,2.0,,,,,,,,,,,,"Liu et al., 2015",10.1186/s13578-015-0009-y
218,miR-996,,UGACUAGAUUACAUGCUCGU,Aedes albopictus,,,,,,,,,,,,,,,,,chikv,,,,,up-regulated,,saliva,,,,,,,,,"Maharaj et al., 2015",10.1371/journal.pntd.0003386
219,miR-996,,UGACUAGAUUACAUGCUCGU,Aedes albopictus,,,,,,,,,,,,,,,,,chikv,,,,,down-regulated,c6/36,cell,,,,,,,,,"Shrinet et al., 2014",10.1371/journal.pntd.0002616
220,miR-998-5p,,ACUGAACUCUCGUGGGUCUGCA,Aedes albopictus,,,,,,,,,,,,,,,,,chikv,,,,,up-regulated,singh,cell,,,,,,,,,"Shrinet et al., 2014",10.1371/journal.pntd.0002616
221,miR-999-3p,,UGUUAACUGUAAGACUGUGUCU,Aedes albopictus,,,,,,,,,,,,,,,,,chikv,,,,,down-regulated,singh,cell,,,,,,,,,"Shrinet et al., 2014",10.1371/journal.pntd.0002616
222,miR-999-3p,,UGUUAACUGUAAGACUGUGUCU,Aedes albopictus,,,,,,,,,,,,,,,,,chikv,,,,,down-regulated,,saliva,,,,,,,,,"Maharaj et al., 2015",10.1371/journal.pntd.0003386
223,miR-9a-5p,,UCUUUGGUUAUCUAGCUGUAUGA,Aedes albopictus,,,,,,,,,,,,,,,,,denv,down-regulated,cell,c6/36,2.0,,,,,,,,,,,,"Avila-Bonilla et al., 2017",10.1016/j.virusres.2017.03.005
224,miR-iab-8-5p,,UUACGUAUACUGAAGGUAU,Aedes albopictus,,,,,,,,,,,,,,,,,chikv,,,,,down-regulated,singh,cell,,,,,,,,,"Shrinet et al., 2014",10.1371/journal.pntd.0002616
225,bantam-3p,,UGAGAUCAUUUUGAAAGCUGAUU,Aedes albopictus,,,,,,,,,,,,,,,,,chikv,,,,,down-regulated,c6/36,cell,,,,,,,,,"Shrinet et al., 2014",10.1371/journal.pntd.0002616
226,bantam-3p,,UGAGAUCAUUUUGAAAGCUGAUU,Aedes albopictus,,,,,,,,,,,,,,,,,chikv,,,,,down-regulated,,saliva,,,,,,,,,"Maharaj et al., 2015",10.1371/journal.pntd.0003386
227,bantam-5p,,CCGGUUUUCAUUUUCGAUCUGACU,Aedes albopictus,,,,,,,,,,,,,,,,,denv,down-regulated,,,2.0,,,,,,,,,,,,"Liu et al., 2015",10.1186/s13578-015-0009-y
